Project Name,Package Name,Type Name,Design Smell,Cause of the Smell
commons-validator,org.apache.commons.validator.example,ValidateExample,Unutilized Abstraction,The tool detected the smell in this class because this class is potentially unused. (Please ignore the smell if the reported class is auto-generated and/or used to serve a specific known purpose.)
commons-validator,org.apache.commons.validator,CreditCardValidator,Deficient Encapsulation,The tool detected the smell in this class because the class exposes fields belonging to it with public accessibility. Following fields are declared with public accessiblity: INSTANCE; PREFIX; INSTANCE; PREFIX; INSTANCE; PREFIX; INSTANCE; PREFIX; NONE; AMEX; VISA; MASTERCARD; DISCOVER; cardTypes
commons-validator,org.apache.commons.validator,CreditCardValidator.Amex,Unnecessary Abstraction,The tool detected the smell in this class because the class contains only a few data members without any method implementation, that indicates that the abstraction might not be required. Following fields are declared in this class: INSTANCE; PREFIX
commons-validator,org.apache.commons.validator,CreditCardValidator.Amex,Unutilized Abstraction,The tool detected the smell in this class because this class is potentially unused. (Please ignore the smell if the reported class is auto-generated and/or used to serve a specific known purpose.)
commons-validator,org.apache.commons.validator,CreditCardValidator.CreditCardType,Unutilized Abstraction,The tool detected the smell in this class because this class is potentially unused. (Please ignore the smell if the reported class is auto-generated and/or used to serve a specific known purpose.)
commons-validator,org.apache.commons.validator,CreditCardValidator.Discover,Unnecessary Abstraction,The tool detected the smell in this class because the class contains only a few data members without any method implementation, that indicates that the abstraction might not be required. Following fields are declared in this class: INSTANCE; PREFIX
commons-validator,org.apache.commons.validator,CreditCardValidator.Discover,Unutilized Abstraction,The tool detected the smell in this class because this class is potentially unused. (Please ignore the smell if the reported class is auto-generated and/or used to serve a specific known purpose.)
commons-validator,org.apache.commons.validator,CreditCardValidator.Mastercard,Unnecessary Abstraction,The tool detected the smell in this class because the class contains only a few data members without any method implementation, that indicates that the abstraction might not be required. Following fields are declared in this class: INSTANCE; PREFIX
commons-validator,org.apache.commons.validator,CreditCardValidator.Mastercard,Unutilized Abstraction,The tool detected the smell in this class because this class is potentially unused. (Please ignore the smell if the reported class is auto-generated and/or used to serve a specific known purpose.)
commons-validator,org.apache.commons.validator,CreditCardValidator.Visa,Unnecessary Abstraction,The tool detected the smell in this class because the class contains only a few data members without any method implementation, that indicates that the abstraction might not be required. Following fields are declared in this class: INSTANCE; PREFIX
commons-validator,org.apache.commons.validator,CreditCardValidator.Visa,Unutilized Abstraction,The tool detected the smell in this class because this class is potentially unused. (Please ignore the smell if the reported class is auto-generated and/or used to serve a specific known purpose.)
commons-validator,org.apache.commons.validator,DependentValidatorContext,Cyclically-dependent Modularization,The tool detected the smell in this class because this class participates in a cyclic dependency. The participating classes in the cycle are: FormSet; Form; Field; DependentValidatorContext; ValidatorAction; ValidatorResults; ValidatorResult; Validator; ValidatorResources
commons-validator,org.apache.commons.validator,Field,Deficient Encapsulation,The tool detected the smell in this class because the class exposes fields belonging to it with public accessibility. Following fields are declared with public accessiblity: serialVersionUID; DEFAULT_ARG; TOKEN_INDEXED; TOKEN_START; TOKEN_END; TOKEN_VAR; property; indexedProperty; indexedListProperty; key; depends; page; clientValidation; fieldOrder; dependencyList; hVars; hMsgs; args
commons-validator,org.apache.commons.validator,Field,Insufficient Modularization,The tool detected the smell in this class becuase the class has bloated interface (large number of public methods). Total public methods in the class: 36 public methods
commons-validator,org.apache.commons.validator,FormSetFactory,Unutilized Abstraction,The tool detected the smell in this class because this class is potentially unused. (Please ignore the smell if the reported class is auto-generated and/or used to serve a specific known purpose.)
commons-validator,org.apache.commons.validator,GenericTypeValidator,Cyclically-dependent Modularization,The tool detected the smell in this class because this class participates in a cyclic dependency. The participating classes in the cycle are: CodeValidator; GenericValidator; UrlValidator; InetAddressValidator; CreditCardValidator; GenericTypeValidator; EmailValidator
commons-validator,org.apache.commons.validator,GenericValidator,Insufficient Modularization,The tool detected the smell in this class becuase the class has bloated interface (large number of public methods). Total public methods in the class: 31 public methods
commons-validator,org.apache.commons.validator,UrlValidator,Deficient Encapsulation,The tool detected the smell in this class because the class exposes fields belonging to it with public accessibility. Following fields are declared with public accessiblity: serialVersionUID; ALLOW_ALL_SCHEMES; ALLOW_2_SLASHES; NO_FRAGMENTS; ALPHA_CHARS; SPECIAL_CHARS; VALID_CHARS; AUTHORITY_CHARS_REGEX; ATOM; URL_REGEX; URL_PATTERN; PARSE_URL_SCHEME; PARSE_URL_AUTHORITY; PARSE_URL_PATH; PARSE_URL_QUERY; PARSE_URL_FRAGMENT; SCHEME_PATTERN; AUTHORITY_REGEX; AUTHORITY_PATTERN; PARSE_AUTHORITY_HOST_IP; PARSE_AUTHORITY_PORT; PARSE_AUTHORITY_EXTRA; PATH_PATTERN; QUERY_PATTERN; LEGAL_ASCII_PATTERN; DOMAIN_PATTERN; PORT_PATTERN; ATOM_PATTERN; ALPHA_PATTERN; options; allowedSchemes; defaultSchemes
commons-validator,org.apache.commons.validator,Validator,Deficient Encapsulation,The tool detected the smell in this class because the class exposes fields belonging to it with public accessibility. Following fields are declared with public accessiblity: serialVersionUID; BEAN_PARAM; VALIDATOR_ACTION_PARAM; VALIDATOR_RESULTS_PARAM; FORM_PARAM; FIELD_PARAM; VALIDATOR_PARAM; LOCALE_PARAM; resources; formName; fieldName; parameters; page; classLoader; useContextClassLoader; onlyReturnErrors
commons-validator,org.apache.commons.validator,ValidatorAction,Insufficient Modularization,The tool detected the smell in this class becuase the class has bloated interface (large number of public methods). Total public methods in the class: 21 public methods
commons-validator,org.apache.commons.validator,ValidatorResult.ResultStatus,Unnecessary Abstraction,The tool detected the smell in this class because the class contains only a few data members without any method implementation, that indicates that the abstraction might not be required. Following fields are declared in this class: serialVersionUID; valid; result
commons-validator,org.apache.commons.validator,ValidatorResult.ResultStatus,Unutilized Abstraction,The tool detected the smell in this class because this class is potentially unused. (Please ignore the smell if the reported class is auto-generated and/or used to serve a specific known purpose.)
commons-validator,org.apache.commons.validator,Var,Deficient Encapsulation,The tool detected the smell in this class because the class exposes fields belonging to it with public accessibility. Following fields are declared with public accessiblity: serialVersionUID; JSTYPE_INT; JSTYPE_STRING; JSTYPE_REGEXP; name; value; jsType; resource; bundle
commons-validator,org.apache.commons.validator,AbstractCommonTest,Wide Hierarchy,The tool detected the smell in this class because the number of children for the class is large. This class has following sub-classes: AbstractNumberTest; DateTest; EmailTest; EntityImportTest; ExceptionTest; GenericTypeValidatorTest; LocaleTest; MultipleTest; ParameterTest; RequiredIfTest; RequiredNameTest; ValidatorResultsTest; VarTest
commons-validator,org.apache.commons.validator,AbstractNumberTest,Broken Hierarchy,The tool detected a potential instance of the smell because this type does not implement or override any method from it's supertype(s): AbstractCommonTest
commons-validator,org.apache.commons.validator,ByteTest,Broken Hierarchy,The tool detected a potential instance of the smell because this type does not implement or override any method from it's supertype(s): AbstractNumberTest
commons-validator,org.apache.commons.validator,CustomCreditCardTypeTest.DinersClub,Unnecessary Abstraction,The tool detected the smell in this class because the class contains only a few data members without any method implementation, that indicates that the abstraction might not be required. Following fields are declared in this class: PREFIX
commons-validator,org.apache.commons.validator,CustomCreditCardTypeTest.DinersClub,Unutilized Abstraction,The tool detected the smell in this class because this class is potentially unused. (Please ignore the smell if the reported class is auto-generated and/or used to serve a specific known purpose.)
commons-validator,org.apache.commons.validator,DateTest,Broken Hierarchy,The tool detected a potential instance of the smell because this type does not implement or override any method from it's supertype(s): AbstractCommonTest
commons-validator,org.apache.commons.validator,DoubleTest,Broken Hierarchy,The tool detected a potential instance of the smell because this type does not implement or override any method from it's supertype(s): AbstractNumberTest
commons-validator,org.apache.commons.validator,EmailTest,Broken Hierarchy,The tool detected a potential instance of the smell because this type does not implement or override any method from it's supertype(s): AbstractCommonTest
commons-validator,org.apache.commons.validator,EntityImportTest,Broken Hierarchy,The tool detected a potential instance of the smell because this type does not implement or override any method from it's supertype(s): AbstractCommonTest
commons-validator,org.apache.commons.validator,ExceptionTest,Broken Hierarchy,The tool detected a potential instance of the smell because this type does not implement or override any method from it's supertype(s): AbstractCommonTest
commons-validator,org.apache.commons.validator,FieldTest,Feature Envy,The tool detected a instance of this smell because testDefaultPositionImplied is more interested in members of the type: Field
commons-validator,org.apache.commons.validator,FieldTest,Feature Envy,The tool detected a instance of this smell because testDefaultUsingPositions is more interested in members of the type: Field
commons-validator,org.apache.commons.validator,FieldTest,Feature Envy,The tool detected a instance of this smell because testOverridePositionImplied is more interested in members of the type: Field
commons-validator,org.apache.commons.validator,FloatTest,Broken Hierarchy,The tool detected a potential instance of the smell because this type does not implement or override any method from it's supertype(s): AbstractNumberTest
commons-validator,org.apache.commons.validator,GenericTypeValidatorImpl,Unutilized Abstraction,The tool detected the smell in this class because this class is potentially unused. (Please ignore the smell if the reported class is auto-generated and/or used to serve a specific known purpose.)
commons-validator,org.apache.commons.validator,GenericTypeValidatorTest,Broken Hierarchy,The tool detected a potential instance of the smell because this type does not implement or override any method from it's supertype(s): AbstractCommonTest
commons-validator,org.apache.commons.validator,GenericValidatorImpl,Unutilized Abstraction,The tool detected the smell in this class because this class is potentially unused. (Please ignore the smell if the reported class is auto-generated and/or used to serve a specific known purpose.)
commons-validator,org.apache.commons.validator,GenericValidatorImpl,Deficient Encapsulation,The tool detected the smell in this class because the class exposes fields belonging to it with public accessibility. Following fields are declared with public accessiblity: FIELD_TEST_NULL; FIELD_TEST_NOTNULL; FIELD_TEST_EQUAL
commons-validator,org.apache.commons.validator,IntegerTest,Broken Hierarchy,The tool detected a potential instance of the smell because this type does not implement or override any method from it's supertype(s): AbstractNumberTest
commons-validator,org.apache.commons.validator,LocaleTest,Broken Hierarchy,The tool detected a potential instance of the smell because this type does not implement or override any method from it's supertype(s): AbstractCommonTest
commons-validator,org.apache.commons.validator,LongTest,Broken Hierarchy,The tool detected a potential instance of the smell because this type does not implement or override any method from it's supertype(s): AbstractNumberTest
commons-validator,org.apache.commons.validator,MultipleTest,Broken Hierarchy,The tool detected a potential instance of the smell because this type does not implement or override any method from it's supertype(s): AbstractCommonTest
commons-validator,org.apache.commons.validator,ParameterTest,Broken Hierarchy,The tool detected a potential instance of the smell because this type does not implement or override any method from it's supertype(s): AbstractCommonTest
commons-validator,org.apache.commons.validator,ParameterValidatorImpl,Unutilized Abstraction,The tool detected the smell in this class because this class is potentially unused. (Please ignore the smell if the reported class is auto-generated and/or used to serve a specific known purpose.)
commons-validator,org.apache.commons.validator,RequiredIfTest,Broken Hierarchy,The tool detected a potential instance of the smell because this type does not implement or override any method from it's supertype(s): AbstractCommonTest
commons-validator,org.apache.commons.validator,RequiredNameTest,Broken Hierarchy,The tool detected a potential instance of the smell because this type does not implement or override any method from it's supertype(s): AbstractCommonTest
commons-validator,org.apache.commons.validator,ResultPair,Deficient Encapsulation,The tool detected the smell in this class because the class exposes fields belonging to it with public accessibility. Following fields are declared with public accessiblity: item; valid
commons-validator,org.apache.commons.validator,ShortTest,Broken Hierarchy,The tool detected a potential instance of the smell because this type does not implement or override any method from it's supertype(s): AbstractNumberTest
commons-validator,org.apache.commons.validator,ValidatorResultsTest,Broken Hierarchy,The tool detected a potential instance of the smell because this type does not implement or override any method from it's supertype(s): AbstractCommonTest
commons-validator,org.apache.commons.validator,ValidatorTest.TestBean,Unnecessary Abstraction,The tool detected the smell in this class because the class contains only a few data members without any method implementation, that indicates that the abstraction might not be required. Following fields are declared in this class: letter; date
commons-validator,org.apache.commons.validator,ValidatorTest.TestBean,Unutilized Abstraction,The tool detected the smell in this class because this class is potentially unused. (Please ignore the smell if the reported class is auto-generated and/or used to serve a specific known purpose.)
commons-validator,org.apache.commons.validator,VarTest,Broken Hierarchy,The tool detected a potential instance of the smell because this type does not implement or override any method from it's supertype(s): AbstractCommonTest
commons-validator,org.apache.commons.validator.routines,AbstractCalendarValidator,Rebellious Hierarchy,The tool detected the smell in this class because method(s) of this class reject the methods provided by its supertypes. The method(s) that reject the suptertype's method are: processParsedValue
commons-validator,org.apache.commons.validator.routines,AbstractNumberValidator,Deficient Encapsulation,The tool detected the smell in this class because the class exposes fields belonging to it with public accessibility. Following fields are declared with public accessiblity: serialVersionUID; STANDARD_FORMAT; CURRENCY_FORMAT; PERCENT_FORMAT; allowFractions; formatType
commons-validator,org.apache.commons.validator.routines,AbstractNumberValidator,Rebellious Hierarchy,The tool detected the smell in this class because method(s) of this class reject the methods provided by its supertypes. The method(s) that reject the suptertype's method are: processParsedValue
commons-validator,org.apache.commons.validator.routines,CalendarValidator,Broken Hierarchy,The tool detected a potential instance of the smell because this type does not implement or override any method from it's supertype(s): AbstractCalendarValidator
commons-validator,org.apache.commons.validator.routines,CodeValidator,Cyclically-dependent Modularization,The tool detected the smell in this class because this class participates in a cyclic dependency. The participating classes in the cycle are: CodeValidator; GenericValidator; UrlValidator; InetAddressValidator; CreditCardValidator; GenericTypeValidator; EmailValidator
commons-validator,org.apache.commons.validator.routines,CreditCardValidator,Deficient Encapsulation,The tool detected the smell in this class because the class exposes fields belonging to it with public accessibility. Following fields are declared with public accessiblity: low; high; minLen; maxLen; lengths; serialVersionUID; MIN_CC_LENGTH; MAX_CC_LENGTH; NONE; AMEX; VISA; MASTERCARD; DISCOVER; DINERS; VPAY; MASTERCARD_PRE_OCT2016; LUHN_VALIDATOR; AMEX_VALIDATOR; DINERS_VALIDATOR; DISCOVER_REGEX; DISCOVER_VALIDATOR; MASTERCARD_REGEX; MASTERCARD_VALIDATOR; MASTERCARD_VALIDATOR_PRE_OCT2016; VISA_VALIDATOR; VPAY_VALIDATOR; serialVersionUID; ccr; cardTypes
commons-validator,org.apache.commons.validator.routines,CreditCardValidator.CreditCardRange,Unnecessary Abstraction,The tool detected the smell in this class because the class contains only a few data members without any method implementation, that indicates that the abstraction might not be required. Following fields are declared in this class: low; high; minLen; maxLen; lengths
commons-validator,org.apache.commons.validator.routines,CreditCardValidator.CreditCardRange,Unutilized Abstraction,The tool detected the smell in this class because this class is potentially unused. (Please ignore the smell if the reported class is auto-generated and/or used to serve a specific known purpose.)
commons-validator,org.apache.commons.validator.routines,CreditCardValidator.CreditCardRange,Broken Modularization,The tool detected the smell in this class because it contains only data members without any method implementation. Following fields are declared in this class: low; high; minLen; maxLen; lengths
commons-validator,org.apache.commons.validator.routines,DateValidator,Broken Hierarchy,The tool detected a potential instance of the smell because this type does not implement or override any method from it's supertype(s): AbstractCalendarValidator
commons-validator,org.apache.commons.validator.routines,DomainValidator.ArrayType,Unnecessary Abstraction,The tool detected the smell in this class because the class contains only a few data members without any method implementation, that indicates that the abstraction might not be required. Following fields are declared in this class: 
commons-validator,org.apache.commons.validator.routines,DomainValidator.ArrayType,Unutilized Abstraction,The tool detected the smell in this class because this class is potentially unused. (Please ignore the smell if the reported class is auto-generated and/or used to serve a specific known purpose.)
commons-validator,org.apache.commons.validator.routines,DomainValidator.IDNBUGHOLDER,Unnecessary Abstraction,The tool detected the smell in this class because the class contains only a few data members without any method implementation, that indicates that the abstraction might not be required. Following fields are declared in this class: IDN_TOASCII_PRESERVES_TRAILING_DOTS
commons-validator,org.apache.commons.validator.routines,DomainValidator.IDNBUGHOLDER,Unutilized Abstraction,The tool detected the smell in this class because this class is potentially unused. (Please ignore the smell if the reported class is auto-generated and/or used to serve a specific known purpose.)
commons-validator,org.apache.commons.validator.routines,DomainValidator.Item,Unnecessary Abstraction,The tool detected the smell in this class because the class contains only a few data members without any method implementation, that indicates that the abstraction might not be required. Following fields are declared in this class: type; values
commons-validator,org.apache.commons.validator.routines,DomainValidator.Item,Unutilized Abstraction,The tool detected the smell in this class because this class is potentially unused. (Please ignore the smell if the reported class is auto-generated and/or used to serve a specific known purpose.)
commons-validator,org.apache.commons.validator.routines,DomainValidator.LazyHolder,Unnecessary Abstraction,The tool detected the smell in this class because the class contains only a few data members without any method implementation, that indicates that the abstraction might not be required. Following fields are declared in this class: DOMAIN_VALIDATOR; DOMAIN_VALIDATOR_WITH_LOCAL
commons-validator,org.apache.commons.validator.routines,DomainValidator.LazyHolder,Unutilized Abstraction,The tool detected the smell in this class because this class is potentially unused. (Please ignore the smell if the reported class is auto-generated and/or used to serve a specific known purpose.)
commons-validator,org.apache.commons.validator.routines,IBANValidator,Deficient Encapsulation,The tool detected the smell in this class because the class exposes fields belonging to it with public accessibility. Following fields are declared with public accessiblity: MIN_LEN; MAX_LEN; countryCode; otherCountryCodes; regexValidator; ibanLength; SHORT_CODE_LEN; DEFAULT_VALIDATORS; DEFAULT_IBAN_VALIDATOR; validatorMap
commons-validator,org.apache.commons.validator.routines,IBANValidator.Validator,Unutilized Abstraction,The tool detected the smell in this class because this class is potentially unused. (Please ignore the smell if the reported class is auto-generated and/or used to serve a specific known purpose.)
commons-validator,org.apache.commons.validator.routines,IBANValidator.Validator,Broken Modularization,The tool detected the smell in this class because it contains only data members without any method implementation. Following fields are declared in this class: MIN_LEN; MAX_LEN; countryCode; otherCountryCodes; regexValidator; ibanLength
commons-validator,org.apache.commons.validator.routines,TimeValidator,Broken Hierarchy,The tool detected a potential instance of the smell because this type does not implement or override any method from it's supertype(s): AbstractCalendarValidator
commons-validator,org.apache.commons.validator.routines,UrlValidator,Deficient Encapsulation,The tool detected the smell in this class because the class exposes fields belonging to it with public accessibility. Following fields are declared with public accessiblity: serialVersionUID; MAX_UNSIGNED_16_BIT_INT; ALLOW_ALL_SCHEMES; ALLOW_2_SLASHES; NO_FRAGMENTS; ALLOW_LOCAL_URLS; SCHEME_REGEX; SCHEME_PATTERN; AUTHORITY_CHARS_REGEX; IPV6_REGEX; USERINFO_CHARS_REGEX; USERINFO_FIELD_REGEX; AUTHORITY_REGEX; AUTHORITY_PATTERN; PARSE_AUTHORITY_IPV6; PARSE_AUTHORITY_HOST_IP; PARSE_AUTHORITY_PORT; PARSE_AUTHORITY_EXTRA; PATH_REGEX; PATH_PATTERN; QUERY_REGEX; QUERY_PATTERN; DEFAULT_SCHEMES; DEFAULT_URL_VALIDATOR; options; allowedSchemes; authorityValidator; domainValidator
commons-validator,org.apache.commons.validator.routines,AbstractCalendarValidatorTest,Feature Envy,The tool detected a instance of this smell because testFormat is more interested in members of the type: AbstractCalendarValidator
commons-validator,org.apache.commons.validator.routines,AbstractNumberValidatorTest,Feature Envy,The tool detected a instance of this smell because testRangeMinMax is more interested in members of the type: AbstractNumberValidator
commons-validator,org.apache.commons.validator.routines,BigDecimalValidatorTest,Broken Hierarchy,The tool detected a potential instance of the smell because this type does not implement or override any method from it's supertype(s): AbstractNumberValidatorTest
commons-validator,org.apache.commons.validator.routines,BigIntegerValidatorTest,Broken Hierarchy,The tool detected a potential instance of the smell because this type does not implement or override any method from it's supertype(s): AbstractNumberValidatorTest
commons-validator,org.apache.commons.validator.routines,ByteValidatorTest,Broken Hierarchy,The tool detected a potential instance of the smell because this type does not implement or override any method from it's supertype(s): AbstractNumberValidatorTest
commons-validator,org.apache.commons.validator.routines,CalendarValidatorTest,Feature Envy,The tool detected a instance of this smell because testCompare is more interested in members of the type: CalendarValidator
commons-validator,org.apache.commons.validator.routines,CreditCardValidatorTest,Insufficient Modularization,The tool detected the smell in this class becuase the class has bloated interface (large number of public methods). Total public methods in the class: 20 public methods
commons-validator,org.apache.commons.validator.routines,DateValidatorTest,Feature Envy,The tool detected a instance of this smell because testCompare is more interested in members of the type: DateValidator
commons-validator,org.apache.commons.validator.routines,DateValidatorTest,Broken Hierarchy,The tool detected a potential instance of the smell because this type does not implement or override any method from it's supertype(s): AbstractCalendarValidatorTest
commons-validator,org.apache.commons.validator.routines,DomainValidatorStartupTest,Insufficient Modularization,The tool detected the smell in this class becuase the class has bloated interface (large number of public methods). Total public methods in the class: 21 public methods
commons-validator,org.apache.commons.validator.routines,DomainValidatorTest,Feature Envy,The tool detected a instance of this smell because testTopLevelDomains is more interested in members of the type: DomainValidator
commons-validator,org.apache.commons.validator.routines,DomainValidatorTest,Insufficient Modularization,The tool detected the smell in this class becuase the class has bloated interface (large number of public methods). Total public methods in the class: 21 public methods
commons-validator,org.apache.commons.validator.routines,DoubleValidatorTest,Broken Hierarchy,The tool detected a potential instance of the smell because this type does not implement or override any method from it's supertype(s): AbstractNumberValidatorTest
commons-validator,org.apache.commons.validator.routines,EmailValidatorTest,Insufficient Modularization,The tool detected the smell in this class becuase the class has bloated interface (large number of public methods). Total public methods in the class: 27 public methods
commons-validator,org.apache.commons.validator.routines,FloatValidatorTest,Broken Hierarchy,The tool detected a potential instance of the smell because this type does not implement or override any method from it's supertype(s): AbstractNumberValidatorTest
commons-validator,org.apache.commons.validator.routines,InetAddressValidatorTest,Feature Envy,The tool detected a instance of this smell because testBrokenInetAddresses is more interested in members of the type: InetAddressValidator
commons-validator,org.apache.commons.validator.routines,IntegerValidatorTest,Broken Hierarchy,The tool detected a potential instance of the smell because this type does not implement or override any method from it's supertype(s): AbstractNumberValidatorTest
commons-validator,org.apache.commons.validator.routines,LongValidatorTest,Broken Hierarchy,The tool detected a potential instance of the smell because this type does not implement or override any method from it's supertype(s): AbstractNumberValidatorTest
commons-validator,org.apache.commons.validator.routines,ShortValidatorTest,Broken Hierarchy,The tool detected a potential instance of the smell because this type does not implement or override any method from it's supertype(s): AbstractNumberValidatorTest
commons-validator,org.apache.commons.validator.routines,TimeValidatorTest,Feature Envy,The tool detected a instance of this smell because testCompare is more interested in members of the type: TimeValidator
commons-validator,org.apache.commons.validator.routines,UrlValidatorTest,Multifaceted Abstraction,The tool detected the smell in this class because the cohesion among the methods of this class is low. LCOM of this class is: 0.868421052631579
commons-validator,org.apache.commons.validator.routines,UrlValidatorTest,Insufficient Modularization,The tool detected the smell in this class becuase the class has bloated interface (large number of public methods). Total public methods in the class: 36 public methods
commons-validator,org.apache.commons.validator.routines.checkdigit,ABANumberCheckDigit,Deficient Encapsulation,The tool detected the smell in this class because the class exposes fields belonging to it with public accessibility. Following fields are declared with public accessiblity: serialVersionUID; ABAN_CHECK_DIGIT; POSITION_WEIGHT
commons-validator,org.apache.commons.validator.routines.checkdigit,ABANumberCheckDigit,Broken Hierarchy,The tool detected a potential instance of the smell because this type does not implement or override any method from it's supertype(s): ModulusCheckDigit
commons-validator,org.apache.commons.validator.routines.checkdigit,AbstractCheckDigit,Unnecessary Abstraction,The tool detected the smell in this class because the class contains only a few data members without any method implementation, that indicates that the abstraction might not be required. Following fields are declared in this class: 
commons-validator,org.apache.commons.validator.routines.checkdigit,CUSIPCheckDigit,Deficient Encapsulation,The tool detected the smell in this class because the class exposes fields belonging to it with public accessibility. Following fields are declared with public accessiblity: serialVersionUID; CUSIP_CHECK_DIGIT; POSITION_WEIGHT
commons-validator,org.apache.commons.validator.routines.checkdigit,CUSIPCheckDigit,Broken Hierarchy,The tool detected a potential instance of the smell because this type does not implement or override any method from it's supertype(s): ModulusCheckDigit
commons-validator,org.apache.commons.validator.routines.checkdigit,EAN13CheckDigit,Deficient Encapsulation,The tool detected the smell in this class because the class exposes fields belonging to it with public accessibility. Following fields are declared with public accessiblity: serialVersionUID; EAN13_CHECK_DIGIT; POSITION_WEIGHT
commons-validator,org.apache.commons.validator.routines.checkdigit,EAN13CheckDigit,Broken Hierarchy,The tool detected a potential instance of the smell because this type does not implement or override any method from it's supertype(s): ModulusCheckDigit
commons-validator,org.apache.commons.validator.routines.checkdigit,IBANCheckDigit,Deficient Encapsulation,The tool detected the smell in this class because the class exposes fields belonging to it with public accessibility. Following fields are declared with public accessiblity: MIN_CODE_LEN; serialVersionUID; MAX_ALPHANUMERIC_VALUE; IBAN_CHECK_DIGIT; MAX; MODULUS
commons-validator,org.apache.commons.validator.routines.checkdigit,IBANCheckDigit,Broken Hierarchy,The tool detected a potential instance of the smell because this type does not implement or override any method from it's supertype(s): AbstractCheckDigit
commons-validator,org.apache.commons.validator.routines.checkdigit,ISBN10CheckDigit,Deficient Encapsulation,The tool detected the smell in this class because the class exposes fields belonging to it with public accessibility. Following fields are declared with public accessiblity: serialVersionUID; ISBN10_CHECK_DIGIT
commons-validator,org.apache.commons.validator.routines.checkdigit,ISBN10CheckDigit,Broken Hierarchy,The tool detected a potential instance of the smell because this type does not implement or override any method from it's supertype(s): ModulusCheckDigit
commons-validator,org.apache.commons.validator.routines.checkdigit,ISBNCheckDigit,Deficient Encapsulation,The tool detected the smell in this class because the class exposes fields belonging to it with public accessibility. Following fields are declared with public accessiblity: serialVersionUID; ISBN10_CHECK_DIGIT; ISBN13_CHECK_DIGIT; ISBN_CHECK_DIGIT
commons-validator,org.apache.commons.validator.routines.checkdigit,ISBNCheckDigit,Broken Hierarchy,The tool detected a potential instance of the smell because this type does not implement or override any method from it's supertype(s): AbstractCheckDigit
commons-validator,org.apache.commons.validator.routines.checkdigit,ISINCheckDigit,Deficient Encapsulation,The tool detected the smell in this class because the class exposes fields belonging to it with public accessibility. Following fields are declared with public accessiblity: serialVersionUID; MAX_ALPHANUMERIC_VALUE; ISIN_CHECK_DIGIT; POSITION_WEIGHT
commons-validator,org.apache.commons.validator.routines.checkdigit,ISINCheckDigit,Broken Hierarchy,The tool detected a potential instance of the smell because this type does not implement or override any method from it's supertype(s): ModulusCheckDigit
commons-validator,org.apache.commons.validator.routines.checkdigit,ISSNCheckDigit,Deficient Encapsulation,The tool detected the smell in this class because the class exposes fields belonging to it with public accessibility. Following fields are declared with public accessiblity: serialVersionUID; ISSN_CHECK_DIGIT
commons-validator,org.apache.commons.validator.routines.checkdigit,ISSNCheckDigit,Broken Hierarchy,The tool detected a potential instance of the smell because this type does not implement or override any method from it's supertype(s): ModulusCheckDigit
commons-validator,org.apache.commons.validator.routines.checkdigit,LuhnCheckDigit,Deficient Encapsulation,The tool detected the smell in this class because the class exposes fields belonging to it with public accessibility. Following fields are declared with public accessiblity: serialVersionUID; LUHN_CHECK_DIGIT; POSITION_WEIGHT
commons-validator,org.apache.commons.validator.routines.checkdigit,LuhnCheckDigit,Broken Hierarchy,The tool detected a potential instance of the smell because this type does not implement or override any method from it's supertype(s): ModulusCheckDigit
commons-validator,org.apache.commons.validator.routines.checkdigit,ModulusCheckDigit,Broken Hierarchy,The tool detected a potential instance of the smell because this type does not implement or override any method from it's supertype(s): AbstractCheckDigit
commons-validator,org.apache.commons.validator.routines.checkdigit,ModulusCheckDigit,Wide Hierarchy,The tool detected the smell in this class because the number of children for the class is large. This class has following sub-classes: ABANumberCheckDigit; CASNumberCheckDigit; CUSIPCheckDigit; EAN13CheckDigit; ECNumberCheckDigit; ISBN10CheckDigit; ISINCheckDigit; ISSNCheckDigit; LuhnCheckDigit; ModulusTenCheckDigit; SedolCheckDigit
commons-validator,org.apache.commons.validator.routines.checkdigit,ModulusTenCheckDigit,Unutilized Abstraction,The tool detected the smell in this class because this class is potentially unused. (Please ignore the smell if the reported class is auto-generated and/or used to serve a specific known purpose.)
commons-validator,org.apache.commons.validator.routines.checkdigit,SedolCheckDigit,Deficient Encapsulation,The tool detected the smell in this class because the class exposes fields belonging to it with public accessibility. Following fields are declared with public accessiblity: serialVersionUID; MAX_ALPHANUMERIC_VALUE; SEDOL_CHECK_DIGIT; POSITION_WEIGHT
commons-validator,org.apache.commons.validator.routines.checkdigit,SedolCheckDigit,Broken Hierarchy,The tool detected a potential instance of the smell because this type does not implement or override any method from it's supertype(s): ModulusCheckDigit
commons-validator,org.apache.commons.validator.routines.checkdigit,VerhoeffCheckDigit,Deficient Encapsulation,The tool detected the smell in this class because the class exposes fields belonging to it with public accessibility. Following fields are declared with public accessiblity: serialVersionUID; VERHOEFF_CHECK_DIGIT; D_TABLE; P_TABLE; INV_TABLE
commons-validator,org.apache.commons.validator.routines.checkdigit,VerhoeffCheckDigit,Broken Hierarchy,The tool detected a potential instance of the smell because this type does not implement or override any method from it's supertype(s): AbstractCheckDigit
commons-validator,org.apache.commons.validator.routines.checkdigit,ABANumberCheckDigitTest,Unutilized Abstraction,The tool detected the smell in this class because this class is potentially unused. (Please ignore the smell if the reported class is auto-generated and/or used to serve a specific known purpose.)
commons-validator,org.apache.commons.validator.routines.checkdigit,AbstractCheckDigitTest,Wide Hierarchy,The tool detected the smell in this class because the number of children for the class is large. This class has following sub-classes: ABANumberCheckDigitTest; CASNumberCheckDigitTest; CUSIPCheckDigitTest; EAN13CheckDigitTest; ECNumberCheckDigitTest; IBANCheckDigitTest; ISBN10CheckDigitTest; ISBNCheckDigitTest; ISINCheckDigitTest; ISSNCheckDigitTest; LuhnCheckDigitTest; ModulusTenABACheckDigitTest; ModulusTenCUSIPCheckDigitTest; ModulusTenEAN13CheckDigitTest; ModulusTenLuhnCheckDigitTest; ModulusTenSedolCheckDigitTest; SedolCheckDigitTest; VerhoeffCheckDigitTest
commons-validator,org.apache.commons.validator.routines.checkdigit,CASNumberCheckDigitTest,Unutilized Abstraction,The tool detected the smell in this class because this class is potentially unused. (Please ignore the smell if the reported class is auto-generated and/or used to serve a specific known purpose.)
commons-validator,org.apache.commons.validator.routines.checkdigit,CUSIPCheckDigitTest,Broken Hierarchy,The tool detected a potential instance of the smell because this type does not implement or override any method from it's supertype(s): AbstractCheckDigitTest
commons-validator,org.apache.commons.validator.routines.checkdigit,EAN13CheckDigitTest,Unutilized Abstraction,The tool detected the smell in this class because this class is potentially unused. (Please ignore the smell if the reported class is auto-generated and/or used to serve a specific known purpose.)
commons-validator,org.apache.commons.validator.routines.checkdigit,ECNumberCheckDigitTest,Unutilized Abstraction,The tool detected the smell in this class because this class is potentially unused. (Please ignore the smell if the reported class is auto-generated and/or used to serve a specific known purpose.)
commons-validator,org.apache.commons.validator.routines.checkdigit,ISBN10CheckDigitTest,Unutilized Abstraction,The tool detected the smell in this class because this class is potentially unused. (Please ignore the smell if the reported class is auto-generated and/or used to serve a specific known purpose.)
commons-validator,org.apache.commons.validator.routines.checkdigit,ISBNCheckDigitTest,Broken Hierarchy,The tool detected a potential instance of the smell because this type does not implement or override any method from it's supertype(s): AbstractCheckDigitTest
commons-validator,org.apache.commons.validator.routines.checkdigit,ISINCheckDigitTest,Broken Hierarchy,The tool detected a potential instance of the smell because this type does not implement or override any method from it's supertype(s): AbstractCheckDigitTest
commons-validator,org.apache.commons.validator.routines.checkdigit,ISSNCheckDigitTest,Unutilized Abstraction,The tool detected the smell in this class because this class is potentially unused. (Please ignore the smell if the reported class is auto-generated and/or used to serve a specific known purpose.)
commons-validator,org.apache.commons.validator.routines.checkdigit,LuhnCheckDigitTest,Unutilized Abstraction,The tool detected the smell in this class because this class is potentially unused. (Please ignore the smell if the reported class is auto-generated and/or used to serve a specific known purpose.)
commons-validator,org.apache.commons.validator.routines.checkdigit,ModulusTenABACheckDigitTest,Unutilized Abstraction,The tool detected the smell in this class because this class is potentially unused. (Please ignore the smell if the reported class is auto-generated and/or used to serve a specific known purpose.)
commons-validator,org.apache.commons.validator.routines.checkdigit,ModulusTenCUSIPCheckDigitTest,Broken Hierarchy,The tool detected a potential instance of the smell because this type does not implement or override any method from it's supertype(s): AbstractCheckDigitTest
commons-validator,org.apache.commons.validator.routines.checkdigit,ModulusTenEAN13CheckDigitTest,Unutilized Abstraction,The tool detected the smell in this class because this class is potentially unused. (Please ignore the smell if the reported class is auto-generated and/or used to serve a specific known purpose.)
commons-validator,org.apache.commons.validator.routines.checkdigit,ModulusTenLuhnCheckDigitTest,Unutilized Abstraction,The tool detected the smell in this class because this class is potentially unused. (Please ignore the smell if the reported class is auto-generated and/or used to serve a specific known purpose.)
commons-validator,org.apache.commons.validator.routines.checkdigit,ModulusTenSedolCheckDigitTest,Broken Hierarchy,The tool detected a potential instance of the smell because this type does not implement or override any method from it's supertype(s): AbstractCheckDigitTest
commons-validator,org.apache.commons.validator.routines.checkdigit,SedolCheckDigitTest,Broken Hierarchy,The tool detected a potential instance of the smell because this type does not implement or override any method from it's supertype(s): AbstractCheckDigitTest
commons-validator,org.apache.commons.validator.util,ValidatorUtils,Missing Hierarchy,The tool detected the smell because a set of type checks are performed to explicitly manage variation in behavior where a hierarchy could have been formed consisting of these participating types. The participating types that were checked are: Msg; Arg; Var in method copyFastHashMap
commons-validator,org.apache.commons.validator.custom,CustomValidatorResources,Unutilized Abstraction,The tool detected the smell in this class because this class is potentially unused. (Please ignore the smell if the reported class is auto-generated and/or used to serve a specific known purpose.)
commons-validator,org.apache.commons.validator.custom,CustomValidatorResources,Broken Hierarchy,The tool detected a potential instance of the smell because this type does not implement or override any method from it's supertype(s): ValidatorResources
