Project Name,Package Name,Type Name,Method Name,Test Smell,Cause of the Smell
commons-validator,org.apache.commons.validator,AbstractNumberTest,testNumber,Missing assertion,The tool detected the smell in this test method because the test doesn't have any assertion.
commons-validator,org.apache.commons.validator,AbstractNumberTest,testNumberFailure,Missing assertion,The tool detected the smell in this test method because the test doesn't have any assertion.
commons-validator,org.apache.commons.validator,ByteTest,testByte,Missing assertion,The tool detected the smell in this test method because the test doesn't have any assertion.
commons-validator,org.apache.commons.validator,ByteTest,testByteBeyondMax,Missing assertion,The tool detected the smell in this test method because the test doesn't have any assertion.
commons-validator,org.apache.commons.validator,ByteTest,testByteBeyondMin,Missing assertion,The tool detected the smell in this test method because the test doesn't have any assertion.
commons-validator,org.apache.commons.validator,ByteTest,testByteFailure,Missing assertion,The tool detected the smell in this test method because the test doesn't have any assertion.
commons-validator,org.apache.commons.validator,ByteTest,testByteMax,Missing assertion,The tool detected the smell in this test method because the test doesn't have any assertion.
commons-validator,org.apache.commons.validator,ByteTest,testByteMin,Missing assertion,The tool detected the smell in this test method because the test doesn't have any assertion.
commons-validator,org.apache.commons.validator,CreditCardValidatorTest,testAddAllowedCardType,Assertion roulette,The tool detected the smell in this test method because the test uses multiple assertion in the test. Total number of assertions in the test are: 5
commons-validator,org.apache.commons.validator,CreditCardValidatorTest,testIsValid,Assertion roulette,The tool detected the smell in this test method because the test uses multiple assertion in the test. Total number of assertions in the test are: 12
commons-validator,org.apache.commons.validator,CustomValidatorResourcesTest,testCustomResources,Exceptional handling,The tool detected the smell in this test method because the test uses try-catch block to assert/fail a check.
commons-validator,org.apache.commons.validator,DateTest,testInvalidDate,Missing assertion,The tool detected the smell in this test method because the test doesn't have any assertion.
commons-validator,org.apache.commons.validator,DateTest,testValidDate,Missing assertion,The tool detected the smell in this test method because the test doesn't have any assertion.
commons-validator,org.apache.commons.validator,DoubleTest,testDouble,Missing assertion,The tool detected the smell in this test method because the test doesn't have any assertion.
commons-validator,org.apache.commons.validator,DoubleTest,testDoubleFailure,Missing assertion,The tool detected the smell in this test method because the test doesn't have any assertion.
commons-validator,org.apache.commons.validator,DoubleTest,testDoubleMax,Missing assertion,The tool detected the smell in this test method because the test doesn't have any assertion.
commons-validator,org.apache.commons.validator,DoubleTest,testDoubleMin,Missing assertion,The tool detected the smell in this test method because the test doesn't have any assertion.
commons-validator,org.apache.commons.validator,EmailTest,testEmail,Missing assertion,The tool detected the smell in this test method because the test doesn't have any assertion.
commons-validator,org.apache.commons.validator,EmailTest,testEmailExtension,Missing assertion,The tool detected the smell in this test method because the test doesn't have any assertion.
commons-validator,org.apache.commons.validator,EmailTest,testEmailLocalhost,Missing assertion,The tool detected the smell in this test method because the test doesn't have any assertion.
commons-validator,org.apache.commons.validator,EmailTest,testEmailWithBogusCharacter,Missing assertion,The tool detected the smell in this test method because the test doesn't have any assertion.
commons-validator,org.apache.commons.validator,EmailTest,testEmailWithCommas,Missing assertion,The tool detected the smell in this test method because the test doesn't have any assertion.
commons-validator,org.apache.commons.validator,EmailTest,testEmailWithControlChars,Assertion roulette,The tool detected the smell in this test method because the test uses multiple assertion in the test. Total number of assertions in the test are: 2
commons-validator,org.apache.commons.validator,EmailTest,testEmailWithDash,Missing assertion,The tool detected the smell in this test method because the test doesn't have any assertion.
commons-validator,org.apache.commons.validator,EmailTest,testEmailWithDotEnd,Missing assertion,The tool detected the smell in this test method because the test doesn't have any assertion.
commons-validator,org.apache.commons.validator,EmailTest,testEmailWithNumericAddress,Missing assertion,The tool detected the smell in this test method because the test doesn't have any assertion.
commons-validator,org.apache.commons.validator,EmailTest,testEmailWithSpaces,Missing assertion,The tool detected the smell in this test method because the test doesn't have any assertion.
commons-validator,org.apache.commons.validator,ExceptionTest,testValidatorException,Assertion roulette,The tool detected the smell in this test method because the test uses multiple assertion in the test. Total number of assertions in the test are: 2
commons-validator,org.apache.commons.validator,ExceptionTest,testValidatorException,Exceptional handling,The tool detected the smell in this test method because the test uses try-catch block to assert/fail a check.
commons-validator,org.apache.commons.validator,ExtensionTest,testOrder,Assertion roulette,The tool detected the smell in this test method because the test uses multiple assertion in the test. Total number of assertions in the test are: 8
commons-validator,org.apache.commons.validator,ExtensionTest,testOverrideRule,Assertion roulette,The tool detected the smell in this test method because the test uses multiple assertion in the test. Total number of assertions in the test are: 4
commons-validator,org.apache.commons.validator,ExtensionTest,testRequired,Assertion roulette,The tool detected the smell in this test method because the test uses multiple assertion in the test. Total number of assertions in the test are: 7
commons-validator,org.apache.commons.validator,ExtensionTest,testRequiredFirstName,Assertion roulette,The tool detected the smell in this test method because the test uses multiple assertion in the test. Total number of assertions in the test are: 7
commons-validator,org.apache.commons.validator,ExtensionTest,testRequiredFirstNameBlank,Assertion roulette,The tool detected the smell in this test method because the test uses multiple assertion in the test. Total number of assertions in the test are: 7
commons-validator,org.apache.commons.validator,ExtensionTest,testRequiredLastName,Assertion roulette,The tool detected the smell in this test method because the test uses multiple assertion in the test. Total number of assertions in the test are: 7
commons-validator,org.apache.commons.validator,ExtensionTest,testRequiredLastNameBlank,Assertion roulette,The tool detected the smell in this test method because the test uses multiple assertion in the test. Total number of assertions in the test are: 7
commons-validator,org.apache.commons.validator,ExtensionTest,testRequiredName,Assertion roulette,The tool detected the smell in this test method because the test uses multiple assertion in the test. Total number of assertions in the test are: 7
commons-validator,org.apache.commons.validator,FieldTest,testDefaultOnePosition,Assertion roulette,The tool detected the smell in this test method because the test uses multiple assertion in the test. Total number of assertions in the test are: 5
commons-validator,org.apache.commons.validator,FieldTest,testDefaultPositionImplied,Assertion roulette,The tool detected the smell in this test method because the test uses multiple assertion in the test. Total number of assertions in the test are: 4
commons-validator,org.apache.commons.validator,FieldTest,testDefaultSomePositions,Assertion roulette,The tool detected the smell in this test method because the test uses multiple assertion in the test. Total number of assertions in the test are: 5
commons-validator,org.apache.commons.validator,FieldTest,testDefaultUsingPositions,Assertion roulette,The tool detected the smell in this test method because the test uses multiple assertion in the test. Total number of assertions in the test are: 4
commons-validator,org.apache.commons.validator,FieldTest,testOverridePositionImplied,Assertion roulette,The tool detected the smell in this test method because the test uses multiple assertion in the test. Total number of assertions in the test are: 11
commons-validator,org.apache.commons.validator,FieldTest,testOverrideSomePosition,Assertion roulette,The tool detected the smell in this test method because the test uses multiple assertion in the test. Total number of assertions in the test are: 14
commons-validator,org.apache.commons.validator,FieldTest,testOverrideUsingPositionA,Assertion roulette,The tool detected the smell in this test method because the test uses multiple assertion in the test. Total number of assertions in the test are: 5
commons-validator,org.apache.commons.validator,FieldTest,testOverrideUsingPositionB,Assertion roulette,The tool detected the smell in this test method because the test uses multiple assertion in the test. Total number of assertions in the test are: 10
commons-validator,org.apache.commons.validator,FloatTest,testFloat,Missing assertion,The tool detected the smell in this test method because the test doesn't have any assertion.
commons-validator,org.apache.commons.validator,FloatTest,testFloatFailure,Missing assertion,The tool detected the smell in this test method because the test doesn't have any assertion.
commons-validator,org.apache.commons.validator,FloatTest,testFloatMax,Missing assertion,The tool detected the smell in this test method because the test doesn't have any assertion.
commons-validator,org.apache.commons.validator,FloatTest,testFloatMin,Missing assertion,The tool detected the smell in this test method because the test doesn't have any assertion.
commons-validator,org.apache.commons.validator,GenericTypeValidatorTest,testFRLocale,Assertion roulette,The tool detected the smell in this test method because the test uses multiple assertion in the test. Total number of assertions in the test are: 2
commons-validator,org.apache.commons.validator,GenericTypeValidatorTest,testType,Assertion roulette,The tool detected the smell in this test method because the test uses multiple assertion in the test. Total number of assertions in the test are: 8
commons-validator,org.apache.commons.validator,GenericTypeValidatorTest,testUSLocale,Missing assertion,The tool detected the smell in this test method because the test doesn't have any assertion.
commons-validator,org.apache.commons.validator,GenericValidatorTest,testMaxLength,Assertion roulette,The tool detected the smell in this test method because the test uses multiple assertion in the test. Total number of assertions in the test are: 12
commons-validator,org.apache.commons.validator,GenericValidatorTest,testMinLength,Assertion roulette,The tool detected the smell in this test method because the test uses multiple assertion in the test. Total number of assertions in the test are: 12
commons-validator,org.apache.commons.validator,IntegerTest,testInt,Missing assertion,The tool detected the smell in this test method because the test doesn't have any assertion.
commons-validator,org.apache.commons.validator,IntegerTest,testIntBeyondMax,Missing assertion,The tool detected the smell in this test method because the test doesn't have any assertion.
commons-validator,org.apache.commons.validator,IntegerTest,testIntBeyondMin,Missing assertion,The tool detected the smell in this test method because the test doesn't have any assertion.
commons-validator,org.apache.commons.validator,IntegerTest,testIntegerMax,Missing assertion,The tool detected the smell in this test method because the test doesn't have any assertion.
commons-validator,org.apache.commons.validator,IntegerTest,testIntFailure,Missing assertion,The tool detected the smell in this test method because the test doesn't have any assertion.
commons-validator,org.apache.commons.validator,IntegerTest,testIntMin,Missing assertion,The tool detected the smell in this test method because the test doesn't have any assertion.
commons-validator,org.apache.commons.validator,ISBNValidatorTest,testIsValid,Assertion roulette,The tool detected the smell in this test method because the test uses multiple assertion in the test. Total number of assertions in the test are: 15
commons-validator,org.apache.commons.validator,LocaleTest,testLocale1,Missing assertion,The tool detected the smell in this test method because the test doesn't have any assertion.
commons-validator,org.apache.commons.validator,LocaleTest,testLocale2,Missing assertion,The tool detected the smell in this test method because the test doesn't have any assertion.
commons-validator,org.apache.commons.validator,LocaleTest,testLocale3,Missing assertion,The tool detected the smell in this test method because the test doesn't have any assertion.
commons-validator,org.apache.commons.validator,LocaleTest,testLocale4,Missing assertion,The tool detected the smell in this test method because the test doesn't have any assertion.
commons-validator,org.apache.commons.validator,LocaleTest,testLocale5,Missing assertion,The tool detected the smell in this test method because the test doesn't have any assertion.
commons-validator,org.apache.commons.validator,LongTest,testLong,Missing assertion,The tool detected the smell in this test method because the test doesn't have any assertion.
commons-validator,org.apache.commons.validator,LongTest,testLongBeyondMax,Missing assertion,The tool detected the smell in this test method because the test doesn't have any assertion.
commons-validator,org.apache.commons.validator,LongTest,testLongBeyondMin,Missing assertion,The tool detected the smell in this test method because the test doesn't have any assertion.
commons-validator,org.apache.commons.validator,LongTest,testLongFailure,Missing assertion,The tool detected the smell in this test method because the test doesn't have any assertion.
commons-validator,org.apache.commons.validator,LongTest,testLongMax,Missing assertion,The tool detected the smell in this test method because the test doesn't have any assertion.
commons-validator,org.apache.commons.validator,LongTest,testLongMin,Missing assertion,The tool detected the smell in this test method because the test doesn't have any assertion.
commons-validator,org.apache.commons.validator,MultipleConfigFilesTest,testBothBlank,Assertion roulette,The tool detected the smell in this test method because the test uses multiple assertion in the test. Total number of assertions in the test are: 8
commons-validator,org.apache.commons.validator,MultipleConfigFilesTest,testMergedConfig,Assertion roulette,The tool detected the smell in this test method because the test uses multiple assertion in the test. Total number of assertions in the test are: 12
commons-validator,org.apache.commons.validator,MultipleConfigFilesTest,testRequiredFirstNameBlankLastNameShort,Assertion roulette,The tool detected the smell in this test method because the test uses multiple assertion in the test. Total number of assertions in the test are: 7
commons-validator,org.apache.commons.validator,MultipleConfigFilesTest,testRequiredLastNameLong,Assertion roulette,The tool detected the smell in this test method because the test uses multiple assertion in the test. Total number of assertions in the test are: 7
commons-validator,org.apache.commons.validator,MultipleConfigFilesTest,testRequiredLastNameShort,Assertion roulette,The tool detected the smell in this test method because the test uses multiple assertion in the test. Total number of assertions in the test are: 7
commons-validator,org.apache.commons.validator,MultipleTest,testBothBlank,Assertion roulette,The tool detected the smell in this test method because the test uses multiple assertion in the test. Total number of assertions in the test are: 8
commons-validator,org.apache.commons.validator,MultipleTest,testFailingFirstDependentValidator,Assertion roulette,The tool detected the smell in this test method because the test uses multiple assertion in the test. Total number of assertions in the test are: 6
commons-validator,org.apache.commons.validator,MultipleTest,testFailingNextDependentValidator,Assertion roulette,The tool detected the smell in this test method because the test uses multiple assertion in the test. Total number of assertions in the test are: 7
commons-validator,org.apache.commons.validator,MultipleTest,testPassingDependentsFailingMain,Assertion roulette,The tool detected the smell in this test method because the test uses multiple assertion in the test. Total number of assertions in the test are: 8
commons-validator,org.apache.commons.validator,MultipleTest,testPassingDependentsPassingMain,Assertion roulette,The tool detected the smell in this test method because the test uses multiple assertion in the test. Total number of assertions in the test are: 8
commons-validator,org.apache.commons.validator,MultipleTest,testRequiredFirstNameBlankLastNameShort,Assertion roulette,The tool detected the smell in this test method because the test uses multiple assertion in the test. Total number of assertions in the test are: 7
commons-validator,org.apache.commons.validator,MultipleTest,testRequiredLastNameLong,Assertion roulette,The tool detected the smell in this test method because the test uses multiple assertion in the test. Total number of assertions in the test are: 7
commons-validator,org.apache.commons.validator,MultipleTest,testRequiredLastNameShort,Assertion roulette,The tool detected the smell in this test method because the test uses multiple assertion in the test. Total number of assertions in the test are: 7
commons-validator,org.apache.commons.validator,ParameterTest,testAllValid,Exceptional handling,The tool detected the smell in this test method because the test uses try-catch block to assert/fail a check.
commons-validator,org.apache.commons.validator,RequiredIfTest,testRequired,Assertion roulette,The tool detected the smell in this test method because the test uses multiple assertion in the test. Total number of assertions in the test are: 7
commons-validator,org.apache.commons.validator,RequiredIfTest,testRequiredFirstName,Assertion roulette,The tool detected the smell in this test method because the test uses multiple assertion in the test. Total number of assertions in the test are: 7
commons-validator,org.apache.commons.validator,RequiredIfTest,testRequiredFirstNameBlank,Assertion roulette,The tool detected the smell in this test method because the test uses multiple assertion in the test. Total number of assertions in the test are: 7
commons-validator,org.apache.commons.validator,RequiredIfTest,testRequiredLastName,Assertion roulette,The tool detected the smell in this test method because the test uses multiple assertion in the test. Total number of assertions in the test are: 7
commons-validator,org.apache.commons.validator,RequiredIfTest,testRequiredLastNameBlank,Assertion roulette,The tool detected the smell in this test method because the test uses multiple assertion in the test. Total number of assertions in the test are: 7
commons-validator,org.apache.commons.validator,RequiredNameTest,testRequired,Assertion roulette,The tool detected the smell in this test method because the test uses multiple assertion in the test. Total number of assertions in the test are: 7
commons-validator,org.apache.commons.validator,RequiredNameTest,testRequiredFirstName,Assertion roulette,The tool detected the smell in this test method because the test uses multiple assertion in the test. Total number of assertions in the test are: 7
commons-validator,org.apache.commons.validator,RequiredNameTest,testRequiredFirstNameBlank,Assertion roulette,The tool detected the smell in this test method because the test uses multiple assertion in the test. Total number of assertions in the test are: 7
commons-validator,org.apache.commons.validator,RequiredNameTest,testRequiredLastName,Assertion roulette,The tool detected the smell in this test method because the test uses multiple assertion in the test. Total number of assertions in the test are: 7
commons-validator,org.apache.commons.validator,RequiredNameTest,testRequiredLastNameBlank,Assertion roulette,The tool detected the smell in this test method because the test uses multiple assertion in the test. Total number of assertions in the test are: 7
commons-validator,org.apache.commons.validator,RequiredNameTest,testRequiredName,Assertion roulette,The tool detected the smell in this test method because the test uses multiple assertion in the test. Total number of assertions in the test are: 7
commons-validator,org.apache.commons.validator,RetrieveFormTest,testDefaultForm,Missing assertion,The tool detected the smell in this test method because the test doesn't have any assertion.
commons-validator,org.apache.commons.validator,RetrieveFormTest,testFormNotFound,Missing assertion,The tool detected the smell in this test method because the test doesn't have any assertion.
commons-validator,org.apache.commons.validator,RetrieveFormTest,testLanguageCountryForm,Missing assertion,The tool detected the smell in this test method because the test doesn't have any assertion.
commons-validator,org.apache.commons.validator,RetrieveFormTest,testLanguageCountryVariantForm,Missing assertion,The tool detected the smell in this test method because the test doesn't have any assertion.
commons-validator,org.apache.commons.validator,RetrieveFormTest,testLanguageForm,Missing assertion,The tool detected the smell in this test method because the test doesn't have any assertion.
commons-validator,org.apache.commons.validator,ShortTest,testShortBeyondMax,Missing assertion,The tool detected the smell in this test method because the test doesn't have any assertion.
commons-validator,org.apache.commons.validator,ShortTest,testShortBeyondMin,Missing assertion,The tool detected the smell in this test method because the test doesn't have any assertion.
commons-validator,org.apache.commons.validator,ShortTest,testShortMax,Missing assertion,The tool detected the smell in this test method because the test doesn't have any assertion.
commons-validator,org.apache.commons.validator,ShortTest,testShortMin,Missing assertion,The tool detected the smell in this test method because the test doesn't have any assertion.
commons-validator,org.apache.commons.validator,UrlTest,testIsValid,Missing assertion,The tool detected the smell in this test method because the test doesn't have any assertion.
commons-validator,org.apache.commons.validator,UrlTest,testValidator202,Missing assertion,The tool detected the smell in this test method because the test doesn't have any assertion.
commons-validator,org.apache.commons.validator,ValidatorResultsTest,testAllValid,Missing assertion,The tool detected the smell in this test method because the test doesn't have any assertion.
commons-validator,org.apache.commons.validator,ValidatorResultsTest,testErrors,Missing assertion,The tool detected the smell in this test method because the test doesn't have any assertion.
commons-validator,org.apache.commons.validator,ValidatorTest,testManualBoolean,Assertion roulette,The tool detected the smell in this test method because the test uses multiple assertion in the test. Total number of assertions in the test are: 4
commons-validator,org.apache.commons.validator,ValidatorTest,testManualBoolean,Exceptional handling,The tool detected the smell in this test method because the test uses try-catch block to assert/fail a check.
commons-validator,org.apache.commons.validator,ValidatorTest,testManualBooleanDeprecated,Assertion roulette,The tool detected the smell in this test method because the test uses multiple assertion in the test. Total number of assertions in the test are: 4
commons-validator,org.apache.commons.validator,ValidatorTest,testManualBooleanDeprecated,Exceptional handling,The tool detected the smell in this test method because the test uses try-catch block to assert/fail a check.
commons-validator,org.apache.commons.validator,ValidatorTest,testManualObject,Assertion roulette,The tool detected the smell in this test method because the test uses multiple assertion in the test. Total number of assertions in the test are: 10
commons-validator,org.apache.commons.validator,ValidatorTest,testManualObject,Exceptional handling,The tool detected the smell in this test method because the test uses try-catch block to assert/fail a check.
commons-validator,org.apache.commons.validator,ValidatorTest,testOnlyReturnErrors,Assertion roulette,The tool detected the smell in this test method because the test uses multiple assertion in the test. Total number of assertions in the test are: 3
commons-validator,org.apache.commons.validator,ValidatorTest,testOnlyValidateField,Assertion roulette,The tool detected the smell in this test method because the test uses multiple assertion in the test. Total number of assertions in the test are: 2
commons-validator,org.apache.commons.validator,VarTest,testVars,Assertion roulette,The tool detected the smell in this test method because the test uses multiple assertion in the test. Total number of assertions in the test are: 22
commons-validator,org.apache.commons.validator.routines,AbstractCalendarValidatorTest,testFormat,Assertion roulette,The tool detected the smell in this test method because the test uses multiple assertion in the test. Total number of assertions in the test are: 3
commons-validator,org.apache.commons.validator.routines,AbstractCalendarValidatorTest,testLocaleInvalid,Assertion roulette,The tool detected the smell in this test method because the test uses multiple assertion in the test. Total number of assertions in the test are: 2
commons-validator,org.apache.commons.validator.routines,AbstractCalendarValidatorTest,testLocaleValid,Assertion roulette,The tool detected the smell in this test method because the test uses multiple assertion in the test. Total number of assertions in the test are: 3
commons-validator,org.apache.commons.validator.routines,AbstractCalendarValidatorTest,testPatternInvalid,Assertion roulette,The tool detected the smell in this test method because the test uses multiple assertion in the test. Total number of assertions in the test are: 2
commons-validator,org.apache.commons.validator.routines,AbstractCalendarValidatorTest,testPatternValid,Assertion roulette,The tool detected the smell in this test method because the test uses multiple assertion in the test. Total number of assertions in the test are: 3
commons-validator,org.apache.commons.validator.routines,AbstractCalendarValidatorTest,testSerialization,Assertion roulette,The tool detected the smell in this test method because the test uses multiple assertion in the test. Total number of assertions in the test are: 3
commons-validator,org.apache.commons.validator.routines,AbstractCalendarValidatorTest,testSerialization,Exceptional handling,The tool detected the smell in this test method because the test uses try-catch block to assert/fail a check.
commons-validator,org.apache.commons.validator.routines,AbstractNumberValidatorTest,testFormat,Assertion roulette,The tool detected the smell in this test method because the test uses multiple assertion in the test. Total number of assertions in the test are: 3
commons-validator,org.apache.commons.validator.routines,AbstractNumberValidatorTest,testFormatType,Assertion roulette,The tool detected the smell in this test method because the test uses multiple assertion in the test. Total number of assertions in the test are: 2
commons-validator,org.apache.commons.validator.routines,AbstractNumberValidatorTest,testInvalidNotStrict,Assertion roulette,The tool detected the smell in this test method because the test uses multiple assertion in the test. Total number of assertions in the test are: 4
commons-validator,org.apache.commons.validator.routines,AbstractNumberValidatorTest,testInvalidStrict,Assertion roulette,The tool detected the smell in this test method because the test uses multiple assertion in the test. Total number of assertions in the test are: 4
commons-validator,org.apache.commons.validator.routines,AbstractNumberValidatorTest,testRangeMinMax,Assertion roulette,The tool detected the smell in this test method because the test uses multiple assertion in the test. Total number of assertions in the test are: 11
commons-validator,org.apache.commons.validator.routines,AbstractNumberValidatorTest,testSerialization,Assertion roulette,The tool detected the smell in this test method because the test uses multiple assertion in the test. Total number of assertions in the test are: 3
commons-validator,org.apache.commons.validator.routines,AbstractNumberValidatorTest,testSerialization,Exceptional handling,The tool detected the smell in this test method because the test uses try-catch block to assert/fail a check.
commons-validator,org.apache.commons.validator.routines,AbstractNumberValidatorTest,testValidateLocale,Assertion roulette,The tool detected the smell in this test method because the test uses multiple assertion in the test. Total number of assertions in the test are: 6
commons-validator,org.apache.commons.validator.routines,AbstractNumberValidatorTest,testValidateMinMax,Assertion roulette,The tool detected the smell in this test method because the test uses multiple assertion in the test. Total number of assertions in the test are: 4
commons-validator,org.apache.commons.validator.routines,AbstractNumberValidatorTest,testValidateMinMax,Conditional test logic,The tool detected the smell in this test method because the test wraps the assert statements within control flow statements.
commons-validator,org.apache.commons.validator.routines,AbstractNumberValidatorTest,testValidNotStrict,Assertion roulette,The tool detected the smell in this test method because the test uses multiple assertion in the test. Total number of assertions in the test are: 4
commons-validator,org.apache.commons.validator.routines,AbstractNumberValidatorTest,testValidStrict,Assertion roulette,The tool detected the smell in this test method because the test uses multiple assertion in the test. Total number of assertions in the test are: 4
commons-validator,org.apache.commons.validator.routines,BigDecimalValidatorTest,testBigDecimalRangeMinMax,Assertion roulette,The tool detected the smell in this test method because the test uses multiple assertion in the test. Total number of assertions in the test are: 11
commons-validator,org.apache.commons.validator.routines,BigDecimalValidatorTest,testBigDecimalValidatorMethods,Assertion roulette,The tool detected the smell in this test method because the test uses multiple assertion in the test. Total number of assertions in the test are: 16
commons-validator,org.apache.commons.validator.routines,BigIntegerValidatorTest,testBigIntegerRangeMinMax,Assertion roulette,The tool detected the smell in this test method because the test uses multiple assertion in the test. Total number of assertions in the test are: 11
commons-validator,org.apache.commons.validator.routines,BigIntegerValidatorTest,testBigIntegerValidatorMethods,Assertion roulette,The tool detected the smell in this test method because the test uses multiple assertion in the test. Total number of assertions in the test are: 16
commons-validator,org.apache.commons.validator.routines,ByteValidatorTest,testByteRangeMinMax,Assertion roulette,The tool detected the smell in this test method because the test uses multiple assertion in the test. Total number of assertions in the test are: 11
commons-validator,org.apache.commons.validator.routines,ByteValidatorTest,testByteValidatorMethods,Assertion roulette,The tool detected the smell in this test method because the test uses multiple assertion in the test. Total number of assertions in the test are: 16
commons-validator,org.apache.commons.validator.routines,CalendarValidatorTest,testAdjustToTimeZone,Assertion roulette,The tool detected the smell in this test method because the test uses multiple assertion in the test. Total number of assertions in the test are: 18
commons-validator,org.apache.commons.validator.routines,CalendarValidatorTest,testCalendarValidatorMethods,Assertion roulette,The tool detected the smell in this test method because the test uses multiple assertion in the test. Total number of assertions in the test are: 21
commons-validator,org.apache.commons.validator.routines,CalendarValidatorTest,testCompare,Assertion roulette,The tool detected the smell in this test method because the test uses multiple assertion in the test. Total number of assertions in the test are: 37
commons-validator,org.apache.commons.validator.routines,CalendarValidatorTest,testCompare,Exceptional handling,The tool detected the smell in this test method because the test uses try-catch block to assert/fail a check.
commons-validator,org.apache.commons.validator.routines,CalendarValidatorTest,testDateTimeStyle,Assertion roulette,The tool detected the smell in this test method because the test uses multiple assertion in the test. Total number of assertions in the test are: 2
commons-validator,org.apache.commons.validator.routines,CalendarValidatorTest,testFormat,Assertion roulette,The tool detected the smell in this test method because the test uses multiple assertion in the test. Total number of assertions in the test are: 11
commons-validator,org.apache.commons.validator.routines,CodeValidatorTest,testCheckDigit,Assertion roulette,The tool detected the smell in this test method because the test uses multiple assertion in the test. Total number of assertions in the test are: 11
commons-validator,org.apache.commons.validator.routines,CodeValidatorTest,testConstructors,Assertion roulette,The tool detected the smell in this test method because the test uses multiple assertion in the test. Total number of assertions in the test are: 24
commons-validator,org.apache.commons.validator.routines,CodeValidatorTest,testLength,Assertion roulette,The tool detected the smell in this test method because the test uses multiple assertion in the test. Total number of assertions in the test are: 37
commons-validator,org.apache.commons.validator.routines,CodeValidatorTest,testNoInput,Assertion roulette,The tool detected the smell in this test method because the test uses multiple assertion in the test. Total number of assertions in the test are: 4
commons-validator,org.apache.commons.validator.routines,CodeValidatorTest,testRegex,Assertion roulette,The tool detected the smell in this test method because the test uses multiple assertion in the test. Total number of assertions in the test are: 20
commons-validator,org.apache.commons.validator.routines,CodeValidatorTest,testValidator294Part1,Assertion roulette,The tool detected the smell in this test method because the test uses multiple assertion in the test. Total number of assertions in the test are: 2
commons-validator,org.apache.commons.validator.routines,CreditCardValidatorTest,testAddAllowedCardType,Assertion roulette,The tool detected the smell in this test method because the test uses multiple assertion in the test. Total number of assertions in the test are: 5
commons-validator,org.apache.commons.validator.routines,CreditCardValidatorTest,testAmexOption,Assertion roulette,The tool detected the smell in this test method because the test uses multiple assertion in the test. Total number of assertions in the test are: 9
commons-validator,org.apache.commons.validator.routines,CreditCardValidatorTest,testAmexValidator,Assertion roulette,The tool detected the smell in this test method because the test uses multiple assertion in the test. Total number of assertions in the test are: 29
commons-validator,org.apache.commons.validator.routines,CreditCardValidatorTest,testArrayConstructor,Assertion roulette,The tool detected the smell in this test method because the test uses multiple assertion in the test. Total number of assertions in the test are: 11
commons-validator,org.apache.commons.validator.routines,CreditCardValidatorTest,testDinersOption,Assertion roulette,The tool detected the smell in this test method because the test uses multiple assertion in the test. Total number of assertions in the test are: 9
commons-validator,org.apache.commons.validator.routines,CreditCardValidatorTest,testDinersValidator,Assertion roulette,The tool detected the smell in this test method because the test uses multiple assertion in the test. Total number of assertions in the test are: 44
commons-validator,org.apache.commons.validator.routines,CreditCardValidatorTest,testDiscoverOption,Assertion roulette,The tool detected the smell in this test method because the test uses multiple assertion in the test. Total number of assertions in the test are: 12
commons-validator,org.apache.commons.validator.routines,CreditCardValidatorTest,testDiscoverValidator,Assertion roulette,The tool detected the smell in this test method because the test uses multiple assertion in the test. Total number of assertions in the test are: 39
commons-validator,org.apache.commons.validator.routines,CreditCardValidatorTest,testDisjointRange,Assertion roulette,The tool detected the smell in this test method because the test uses multiple assertion in the test. Total number of assertions in the test are: 9
commons-validator,org.apache.commons.validator.routines,CreditCardValidatorTest,testGeneric,Assertion roulette,The tool detected the smell in this test method because the test uses multiple assertion in the test. Total number of assertions in the test are: 2
commons-validator,org.apache.commons.validator.routines,CreditCardValidatorTest,testIsValid,Assertion roulette,The tool detected the smell in this test method because the test uses multiple assertion in the test. Total number of assertions in the test are: 20
commons-validator,org.apache.commons.validator.routines,CreditCardValidatorTest,testMastercardOption,Assertion roulette,The tool detected the smell in this test method because the test uses multiple assertion in the test. Total number of assertions in the test are: 9
commons-validator,org.apache.commons.validator.routines,CreditCardValidatorTest,testMastercardUsingSeparators,Assertion roulette,The tool detected the smell in this test method because the test uses multiple assertion in the test. Total number of assertions in the test are: 14
commons-validator,org.apache.commons.validator.routines,CreditCardValidatorTest,testMastercardValidator,Assertion roulette,The tool detected the smell in this test method because the test uses multiple assertion in the test. Total number of assertions in the test are: 35
commons-validator,org.apache.commons.validator.routines,CreditCardValidatorTest,testRangeGenerator,Assertion roulette,The tool detected the smell in this test method because the test uses multiple assertion in the test. Total number of assertions in the test are: 2
commons-validator,org.apache.commons.validator.routines,CreditCardValidatorTest,testRangeGeneratorNoLuhn,Assertion roulette,The tool detected the smell in this test method because the test uses multiple assertion in the test. Total number of assertions in the test are: 11
commons-validator,org.apache.commons.validator.routines,CreditCardValidatorTest,testValidLength,Assertion roulette,The tool detected the smell in this test method because the test uses multiple assertion in the test. Total number of assertions in the test are: 13
commons-validator,org.apache.commons.validator.routines,CreditCardValidatorTest,testVisaOption,Assertion roulette,The tool detected the smell in this test method because the test uses multiple assertion in the test. Total number of assertions in the test are: 11
commons-validator,org.apache.commons.validator.routines,CreditCardValidatorTest,testVisaValidator,Assertion roulette,The tool detected the smell in this test method because the test uses multiple assertion in the test. Total number of assertions in the test are: 29
commons-validator,org.apache.commons.validator.routines,CreditCardValidatorTest,testVPayOption,Assertion roulette,The tool detected the smell in this test method because the test uses multiple assertion in the test. Total number of assertions in the test are: 11
commons-validator,org.apache.commons.validator.routines,CurrencyValidatorTest,testFormatType,Assertion roulette,The tool detected the smell in this test method because the test uses multiple assertion in the test. Total number of assertions in the test are: 2
commons-validator,org.apache.commons.validator.routines,CurrencyValidatorTest,testIntegerInvalid,Assertion roulette,The tool detected the smell in this test method because the test uses multiple assertion in the test. Total number of assertions in the test are: 4
commons-validator,org.apache.commons.validator.routines,CurrencyValidatorTest,testIntegerValid,Assertion roulette,The tool detected the smell in this test method because the test uses multiple assertion in the test. Total number of assertions in the test are: 5
commons-validator,org.apache.commons.validator.routines,CurrencyValidatorTest,testInvalid,Assertion roulette,The tool detected the smell in this test method because the test uses multiple assertion in the test. Total number of assertions in the test are: 8
commons-validator,org.apache.commons.validator.routines,CurrencyValidatorTest,testPattern,Assertion roulette,The tool detected the smell in this test method because the test uses multiple assertion in the test. Total number of assertions in the test are: 10
commons-validator,org.apache.commons.validator.routines,CurrencyValidatorTest,testValid,Assertion roulette,The tool detected the smell in this test method because the test uses multiple assertion in the test. Total number of assertions in the test are: 13
commons-validator,org.apache.commons.validator.routines,DateValidatorTest,testCompare,Assertion roulette,The tool detected the smell in this test method because the test uses multiple assertion in the test. Total number of assertions in the test are: 33
commons-validator,org.apache.commons.validator.routines,DateValidatorTest,testDateValidatorMethods,Assertion roulette,The tool detected the smell in this test method because the test uses multiple assertion in the test. Total number of assertions in the test are: 21
commons-validator,org.apache.commons.validator.routines,DateValidatorTest,testLocaleProviders,Assertion roulette,The tool detected the smell in this test method because the test uses multiple assertion in the test. Total number of assertions in the test are: 2
commons-validator,org.apache.commons.validator.routines,DateValidatorTest,testLocaleProviders,Conditional test logic,The tool detected the smell in this test method because the test wraps the assert statements within control flow statements.
commons-validator,org.apache.commons.validator.routines,DomainValidatorStartupTest,testCannotUpdate,Assertion roulette,The tool detected the smell in this test method because the test uses multiple assertion in the test. Total number of assertions in the test are: 2
commons-validator,org.apache.commons.validator.routines,DomainValidatorStartupTest,testInstanceOverride,Assertion roulette,The tool detected the smell in this test method because the test uses multiple assertion in the test. Total number of assertions in the test are: 12
commons-validator,org.apache.commons.validator.routines,DomainValidatorStartupTest,testUpdateBaseArrayCC,Assertion roulette,The tool detected the smell in this test method because the test uses multiple assertion in the test. Total number of assertions in the test are: 2
commons-validator,org.apache.commons.validator.routines,DomainValidatorStartupTest,testUpdateBaseArrayGeneric,Assertion roulette,The tool detected the smell in this test method because the test uses multiple assertion in the test. Total number of assertions in the test are: 2
commons-validator,org.apache.commons.validator.routines,DomainValidatorStartupTest,testUpdateBaseArrayInfra,Assertion roulette,The tool detected the smell in this test method because the test uses multiple assertion in the test. Total number of assertions in the test are: 2
commons-validator,org.apache.commons.validator.routines,DomainValidatorStartupTest,testUpdateBaseArrayLocal,Assertion roulette,The tool detected the smell in this test method because the test uses multiple assertion in the test. Total number of assertions in the test are: 2
commons-validator,org.apache.commons.validator.routines,DomainValidatorStartupTest,testUpdateGeneric3,Assertion roulette,The tool detected the smell in this test method because the test uses multiple assertion in the test. Total number of assertions in the test are: 2
commons-validator,org.apache.commons.validator.routines,DomainValidatorStartupTest,testValidator412a,Assertion roulette,The tool detected the smell in this test method because the test uses multiple assertion in the test. Total number of assertions in the test are: 4
commons-validator,org.apache.commons.validator.routines,DomainValidatorStartupTest,testValidator412b,Assertion roulette,The tool detected the smell in this test method because the test uses multiple assertion in the test. Total number of assertions in the test are: 4
commons-validator,org.apache.commons.validator.routines,DomainValidatorStartupTest,testValidator412c,Assertion roulette,The tool detected the smell in this test method because the test uses multiple assertion in the test. Total number of assertions in the test are: 4
commons-validator,org.apache.commons.validator.routines,DomainValidatorStartupTest,testValidator412d,Assertion roulette,The tool detected the smell in this test method because the test uses multiple assertion in the test. Total number of assertions in the test are: 4
commons-validator,org.apache.commons.validator.routines,DomainValidatorTest,testAllowLocal,Assertion roulette,The tool detected the smell in this test method because the test uses multiple assertion in the test. Total number of assertions in the test are: 9
commons-validator,org.apache.commons.validator.routines,DomainValidatorTest,testDomainNoDots,Assertion roulette,The tool detected the smell in this test method because the test uses multiple assertion in the test. Total number of assertions in the test are: 6
commons-validator,org.apache.commons.validator.routines,DomainValidatorTest,testGetArray,Assertion roulette,The tool detected the smell in this test method because the test uses multiple assertion in the test. Total number of assertions in the test are: 10
commons-validator,org.apache.commons.validator.routines,DomainValidatorTest,testIDNJava6OrLater,Assertion roulette,The tool detected the smell in this test method because the test uses multiple assertion in the test. Total number of assertions in the test are: 4
commons-validator,org.apache.commons.validator.routines,DomainValidatorTest,testInvalidDomains,Assertion roulette,The tool detected the smell in this test method because the test uses multiple assertion in the test. Total number of assertions in the test are: 11
commons-validator,org.apache.commons.validator.routines,DomainValidatorTest,testRFC2396domainlabel,Assertion roulette,The tool detected the smell in this test method because the test uses multiple assertion in the test. Total number of assertions in the test are: 7
commons-validator,org.apache.commons.validator.routines,DomainValidatorTest,testRFC2396toplabel,Assertion roulette,The tool detected the smell in this test method because the test uses multiple assertion in the test. Total number of assertions in the test are: 9
commons-validator,org.apache.commons.validator.routines,DomainValidatorTest,testTopLevelDomains,Assertion roulette,The tool detected the smell in this test method because the test uses multiple assertion in the test. Total number of assertions in the test are: 11
commons-validator,org.apache.commons.validator.routines,DomainValidatorTest,testUnicodeToASCII,Assertion roulette,The tool detected the smell in this test method because the test uses multiple assertion in the test. Total number of assertions in the test are: 2
commons-validator,org.apache.commons.validator.routines,DomainValidatorTest,testValidator306,Assertion roulette,The tool detected the smell in this test method because the test uses multiple assertion in the test. Total number of assertions in the test are: 8
commons-validator,org.apache.commons.validator.routines,DomainValidatorTest,testValidDomains,Assertion roulette,The tool detected the smell in this test method because the test uses multiple assertion in the test. Total number of assertions in the test are: 9
commons-validator,org.apache.commons.validator.routines,DoubleValidatorTest,testDoubleRangeMinMax,Assertion roulette,The tool detected the smell in this test method because the test uses multiple assertion in the test. Total number of assertions in the test are: 11
commons-validator,org.apache.commons.validator.routines,DoubleValidatorTest,testDoubleValidatorMethods,Assertion roulette,The tool detected the smell in this test method because the test uses multiple assertion in the test. Total number of assertions in the test are: 16
commons-validator,org.apache.commons.validator.routines,EmailValidatorTest,testEmailExtension,Assertion roulette,The tool detected the smell in this test method because the test uses multiple assertion in the test. Total number of assertions in the test are: 8
commons-validator,org.apache.commons.validator.routines,EmailValidatorTest,testEmailLocalhost,Assertion roulette,The tool detected the smell in this test method because the test uses multiple assertion in the test. Total number of assertions in the test are: 5
commons-validator,org.apache.commons.validator.routines,EmailValidatorTest,testEmailUserName,Assertion roulette,The tool detected the smell in this test method because the test uses multiple assertion in the test. Total number of assertions in the test are: 61
commons-validator,org.apache.commons.validator.routines,EmailValidatorTest,testEmailWithBogusCharacter,Assertion roulette,The tool detected the smell in this test method because the test uses multiple assertion in the test. Total number of assertions in the test are: 7
commons-validator,org.apache.commons.validator.routines,EmailValidatorTest,testEmailWithCommas,Assertion roulette,The tool detected the smell in this test method because the test uses multiple assertion in the test. Total number of assertions in the test are: 3
commons-validator,org.apache.commons.validator.routines,EmailValidatorTest,testEmailWithControlChars,Assertion roulette,The tool detected the smell in this test method because the test uses multiple assertion in the test. Total number of assertions in the test are: 2
commons-validator,org.apache.commons.validator.routines,EmailValidatorTest,testEmailWithDash,Assertion roulette,The tool detected the smell in this test method because the test uses multiple assertion in the test. Total number of assertions in the test are: 4
commons-validator,org.apache.commons.validator.routines,EmailValidatorTest,testEmailWithNumericAddress,Assertion roulette,The tool detected the smell in this test method because the test uses multiple assertion in the test. Total number of assertions in the test are: 2
commons-validator,org.apache.commons.validator.routines,EmailValidatorTest,testEmailWithSlashes,Assertion roulette,The tool detected the smell in this test method because the test uses multiple assertion in the test. Total number of assertions in the test are: 3
commons-validator,org.apache.commons.validator.routines,EmailValidatorTest,testEmailWithSpaces,Assertion roulette,The tool detected the smell in this test method because the test uses multiple assertion in the test. Total number of assertions in the test are: 9
commons-validator,org.apache.commons.validator.routines,EmailValidatorTest,testValidator235,Assertion roulette,The tool detected the smell in this test method because the test uses multiple assertion in the test. Total number of assertions in the test are: 6
commons-validator,org.apache.commons.validator.routines,EmailValidatorTest,testValidator278,Assertion roulette,The tool detected the smell in this test method because the test uses multiple assertion in the test. Total number of assertions in the test are: 2
commons-validator,org.apache.commons.validator.routines,EmailValidatorTest,testValidator293,Assertion roulette,The tool detected the smell in this test method because the test uses multiple assertion in the test. Total number of assertions in the test are: 5
commons-validator,org.apache.commons.validator.routines,EmailValidatorTest,testValidator315,Assertion roulette,The tool detected the smell in this test method because the test uses multiple assertion in the test. Total number of assertions in the test are: 2
commons-validator,org.apache.commons.validator.routines,EmailValidatorTest,testValidator473Part1,Assertion roulette,The tool detected the smell in this test method because the test uses multiple assertion in the test. Total number of assertions in the test are: 2
commons-validator,org.apache.commons.validator.routines,EmailValidatorTest,testValidator473Part2,Assertion roulette,The tool detected the smell in this test method because the test uses multiple assertion in the test. Total number of assertions in the test are: 2
commons-validator,org.apache.commons.validator.routines,EmailValidatorTest,testValidator473Part3,Assertion roulette,The tool detected the smell in this test method because the test uses multiple assertion in the test. Total number of assertions in the test are: 2
commons-validator,org.apache.commons.validator.routines,EmailValidatorTest,testValidator473Part4,Assertion roulette,The tool detected the smell in this test method because the test uses multiple assertion in the test. Total number of assertions in the test are: 2
commons-validator,org.apache.commons.validator.routines,FloatValidatorTest,testFloatRangeMinMax,Assertion roulette,The tool detected the smell in this test method because the test uses multiple assertion in the test. Total number of assertions in the test are: 11
commons-validator,org.apache.commons.validator.routines,FloatValidatorTest,testFloatSmallestValues,Assertion roulette,The tool detected the smell in this test method because the test uses multiple assertion in the test. Total number of assertions in the test are: 4
commons-validator,org.apache.commons.validator.routines,FloatValidatorTest,testFloatValidatorMethods,Assertion roulette,The tool detected the smell in this test method because the test uses multiple assertion in the test. Total number of assertions in the test are: 16
commons-validator,org.apache.commons.validator.routines,IBANValidatorTest,testGetValidator,Assertion roulette,The tool detected the smell in this test method because the test uses multiple assertion in the test. Total number of assertions in the test are: 2
commons-validator,org.apache.commons.validator.routines,IBANValidatorTest,testHasValidator,Assertion roulette,The tool detected the smell in this test method because the test uses multiple assertion in the test. Total number of assertions in the test are: 2
commons-validator,org.apache.commons.validator.routines,IBANValidatorTest,testSetDefaultValidator1,Assertion roulette,The tool detected the smell in this test method because the test uses multiple assertion in the test. Total number of assertions in the test are: 2
commons-validator,org.apache.commons.validator.routines,IBANValidatorTest,testSetDefaultValidator2,Assertion roulette,The tool detected the smell in this test method because the test uses multiple assertion in the test. Total number of assertions in the test are: 2
commons-validator,org.apache.commons.validator.routines,IBANValidatorTest,testSetValidatorLC,Assertion roulette,The tool detected the smell in this test method because the test uses multiple assertion in the test. Total number of assertions in the test are: 2
commons-validator,org.apache.commons.validator.routines,IBANValidatorTest,testSetValidatorLen1,Assertion roulette,The tool detected the smell in this test method because the test uses multiple assertion in the test. Total number of assertions in the test are: 2
commons-validator,org.apache.commons.validator.routines,IBANValidatorTest,testSetValidatorLen35,Assertion roulette,The tool detected the smell in this test method because the test uses multiple assertion in the test. Total number of assertions in the test are: 2
commons-validator,org.apache.commons.validator.routines,IBANValidatorTest,testSetValidatorLen7,Assertion roulette,The tool detected the smell in this test method because the test uses multiple assertion in the test. Total number of assertions in the test are: 2
commons-validator,org.apache.commons.validator.routines,IBANValidatorTest,testSorted,Assertion roulette,The tool detected the smell in this test method because the test uses multiple assertion in the test. Total number of assertions in the test are: 2
commons-validator,org.apache.commons.validator.routines,IBANValidatorTest,testSorted,Conditional test logic,The tool detected the smell in this test method because the test wraps the assert statements within control flow statements.
commons-validator,org.apache.commons.validator.routines,IBANValidatorTest,testValid,Assertion roulette,The tool detected the smell in this test method because the test uses multiple assertion in the test. Total number of assertions in the test are: 3
commons-validator,org.apache.commons.validator.routines,InetAddressValidatorTest,testBrokenInetAddresses,Assertion roulette,The tool detected the smell in this test method because the test uses multiple assertion in the test. Total number of assertions in the test are: 5
commons-validator,org.apache.commons.validator.routines,InetAddressValidatorTest,testInetAddressesByClass,Assertion roulette,The tool detected the smell in this test method because the test uses multiple assertion in the test. Total number of assertions in the test are: 10
commons-validator,org.apache.commons.validator.routines,InetAddressValidatorTest,testInetAddressesFromTheWild,Assertion roulette,The tool detected the smell in this test method because the test uses multiple assertion in the test. Total number of assertions in the test are: 4
commons-validator,org.apache.commons.validator.routines,InetAddressValidatorTest,testIPv6,Assertion roulette,The tool detected the smell in this test method because the test uses multiple assertion in the test. Total number of assertions in the test are: 472
commons-validator,org.apache.commons.validator.routines,InetAddressValidatorTest,testReservedInetAddresses,Assertion roulette,The tool detected the smell in this test method because the test uses multiple assertion in the test. Total number of assertions in the test are: 2
commons-validator,org.apache.commons.validator.routines,InetAddressValidatorTest,testValidator419,Assertion roulette,The tool detected the smell in this test method because the test uses multiple assertion in the test. Total number of assertions in the test are: 6
commons-validator,org.apache.commons.validator.routines,InetAddressValidatorTest,testValidator445,Assertion roulette,The tool detected the smell in this test method because the test uses multiple assertion in the test. Total number of assertions in the test are: 2
commons-validator,org.apache.commons.validator.routines,IntegerValidatorTest,testIntegerRangeMinMax,Assertion roulette,The tool detected the smell in this test method because the test uses multiple assertion in the test. Total number of assertions in the test are: 11
commons-validator,org.apache.commons.validator.routines,IntegerValidatorTest,testIntegerValidatorMethods,Assertion roulette,The tool detected the smell in this test method because the test uses multiple assertion in the test. Total number of assertions in the test are: 16
commons-validator,org.apache.commons.validator.routines,IntegerValidatorTest,testMinMaxValues,Assertion roulette,The tool detected the smell in this test method because the test uses multiple assertion in the test. Total number of assertions in the test are: 4
commons-validator,org.apache.commons.validator.routines,ISBNValidatorTest,testConversionErrors,Assertion roulette,The tool detected the smell in this test method because the test uses multiple assertion in the test. Total number of assertions in the test are: 4
commons-validator,org.apache.commons.validator.routines,ISBNValidatorTest,testInvalid,Assertion roulette,The tool detected the smell in this test method because the test uses multiple assertion in the test. Total number of assertions in the test are: 21
commons-validator,org.apache.commons.validator.routines,ISBNValidatorTest,testInvalidISBN10Format,Assertion roulette,The tool detected the smell in this test method because the test uses multiple assertion in the test. Total number of assertions in the test are: 3
commons-validator,org.apache.commons.validator.routines,ISBNValidatorTest,testInvalidISBN13Format,Assertion roulette,The tool detected the smell in this test method because the test uses multiple assertion in the test. Total number of assertions in the test are: 3
commons-validator,org.apache.commons.validator.routines,ISBNValidatorTest,testIsValidISBN10,Assertion roulette,The tool detected the smell in this test method because the test uses multiple assertion in the test. Total number of assertions in the test are: 12
commons-validator,org.apache.commons.validator.routines,ISBNValidatorTest,testIsValidISBN13,Assertion roulette,The tool detected the smell in this test method because the test uses multiple assertion in the test. Total number of assertions in the test are: 12
commons-validator,org.apache.commons.validator.routines,ISBNValidatorTest,testNull,Assertion roulette,The tool detected the smell in this test method because the test uses multiple assertion in the test. Total number of assertions in the test are: 7
commons-validator,org.apache.commons.validator.routines,ISBNValidatorTest,testValidateISBN10,Assertion roulette,The tool detected the smell in this test method because the test uses multiple assertion in the test. Total number of assertions in the test are: 12
commons-validator,org.apache.commons.validator.routines,ISBNValidatorTest,testValidateISBN10Convert,Assertion roulette,The tool detected the smell in this test method because the test uses multiple assertion in the test. Total number of assertions in the test are: 6
commons-validator,org.apache.commons.validator.routines,ISBNValidatorTest,testValidateISBN13,Assertion roulette,The tool detected the smell in this test method because the test uses multiple assertion in the test. Total number of assertions in the test are: 12
commons-validator,org.apache.commons.validator.routines,ISINValidatorTest,testInvalidTrue,Assertion roulette,The tool detected the smell in this test method because the test uses multiple assertion in the test. Total number of assertions in the test are: 2
commons-validator,org.apache.commons.validator.routines,ISSNValidatorTest,testConversionErrors,Assertion roulette,The tool detected the smell in this test method because the test uses multiple assertion in the test. Total number of assertions in the test are: 3
commons-validator,org.apache.commons.validator.routines,ISSNValidatorTest,testIsValidExtract,Assertion roulette,The tool detected the smell in this test method because the test uses multiple assertion in the test. Total number of assertions in the test are: 4
commons-validator,org.apache.commons.validator.routines,ISSNValidatorTest,testIsValidISSNConvert,Assertion roulette,The tool detected the smell in this test method because the test uses multiple assertion in the test. Total number of assertions in the test are: 4
commons-validator,org.apache.commons.validator.routines,ISSNValidatorTest,testIsValidISSNConvertSuffix,Assertion roulette,The tool detected the smell in this test method because the test uses multiple assertion in the test. Total number of assertions in the test are: 6
commons-validator,org.apache.commons.validator.routines,ISSNValidatorTest,testValidCheckDigitEan13,Assertion roulette,The tool detected the smell in this test method because the test uses multiple assertion in the test. Total number of assertions in the test are: 10
commons-validator,org.apache.commons.validator.routines,LongValidatorTest,testLongRangeMinMax,Assertion roulette,The tool detected the smell in this test method because the test uses multiple assertion in the test. Total number of assertions in the test are: 11
commons-validator,org.apache.commons.validator.routines,LongValidatorTest,testLongValidatorMethods,Assertion roulette,The tool detected the smell in this test method because the test uses multiple assertion in the test. Total number of assertions in the test are: 16
commons-validator,org.apache.commons.validator.routines,PercentValidatorTest,testFormatType,Assertion roulette,The tool detected the smell in this test method because the test uses multiple assertion in the test. Total number of assertions in the test are: 2
commons-validator,org.apache.commons.validator.routines,PercentValidatorTest,testInvalid,Assertion roulette,The tool detected the smell in this test method because the test uses multiple assertion in the test. Total number of assertions in the test are: 8
commons-validator,org.apache.commons.validator.routines,PercentValidatorTest,testValid,Assertion roulette,The tool detected the smell in this test method because the test uses multiple assertion in the test. Total number of assertions in the test are: 9
commons-validator,org.apache.commons.validator.routines,RegexValidatorTest,testExceptions,Missing assertion,The tool detected the smell in this test method because the test doesn't have any assertion.
commons-validator,org.apache.commons.validator.routines,RegexValidatorTest,testGetPatterns,Assertion roulette,The tool detected the smell in this test method because the test uses multiple assertion in the test. Total number of assertions in the test are: 4
commons-validator,org.apache.commons.validator.routines,RegexValidatorTest,testMissingRegex,Assertion roulette,The tool detected the smell in this test method because the test uses multiple assertion in the test. Total number of assertions in the test are: 12
commons-validator,org.apache.commons.validator.routines,RegexValidatorTest,testMissingRegex,Exceptional handling,The tool detected the smell in this test method because the test uses try-catch block to assert/fail a check.
commons-validator,org.apache.commons.validator.routines,RegexValidatorTest,testMultipleInsensitive,Assertion roulette,The tool detected the smell in this test method because the test uses multiple assertion in the test. Total number of assertions in the test are: 11
commons-validator,org.apache.commons.validator.routines,RegexValidatorTest,testMultipleSensitive,Assertion roulette,The tool detected the smell in this test method because the test uses multiple assertion in the test. Total number of assertions in the test are: 11
commons-validator,org.apache.commons.validator.routines,RegexValidatorTest,testNullValue,Assertion roulette,The tool detected the smell in this test method because the test uses multiple assertion in the test. Total number of assertions in the test are: 3
commons-validator,org.apache.commons.validator.routines,RegexValidatorTest,testSingle,Assertion roulette,The tool detected the smell in this test method because the test uses multiple assertion in the test. Total number of assertions in the test are: 9
commons-validator,org.apache.commons.validator.routines,RegexValidatorTest,testToString,Assertion roulette,The tool detected the smell in this test method because the test uses multiple assertion in the test. Total number of assertions in the test are: 2
commons-validator,org.apache.commons.validator.routines,ShortValidatorTest,testShortRangeMinMax,Assertion roulette,The tool detected the smell in this test method because the test uses multiple assertion in the test. Total number of assertions in the test are: 11
commons-validator,org.apache.commons.validator.routines,ShortValidatorTest,testShortValidatorMethods,Assertion roulette,The tool detected the smell in this test method because the test uses multiple assertion in the test. Total number of assertions in the test are: 16
commons-validator,org.apache.commons.validator.routines,TimeValidatorTest,testCompare,Assertion roulette,The tool detected the smell in this test method because the test uses multiple assertion in the test. Total number of assertions in the test are: 18
commons-validator,org.apache.commons.validator.routines,TimeValidatorTest,testFormat,Assertion roulette,The tool detected the smell in this test method because the test uses multiple assertion in the test. Total number of assertions in the test are: 4
commons-validator,org.apache.commons.validator.routines,TimeValidatorTest,testLocaleInvalid,Assertion roulette,The tool detected the smell in this test method because the test uses multiple assertion in the test. Total number of assertions in the test are: 2
commons-validator,org.apache.commons.validator.routines,TimeValidatorTest,testLocaleValid,Assertion roulette,The tool detected the smell in this test method because the test uses multiple assertion in the test. Total number of assertions in the test are: 3
commons-validator,org.apache.commons.validator.routines,TimeValidatorTest,testPatternInvalid,Assertion roulette,The tool detected the smell in this test method because the test uses multiple assertion in the test. Total number of assertions in the test are: 2
commons-validator,org.apache.commons.validator.routines,TimeValidatorTest,testPatternValid,Assertion roulette,The tool detected the smell in this test method because the test uses multiple assertion in the test. Total number of assertions in the test are: 3
commons-validator,org.apache.commons.validator.routines,TimeValidatorTest,testTimeZone,Assertion roulette,The tool detected the smell in this test method because the test uses multiple assertion in the test. Total number of assertions in the test are: 30
commons-validator,org.apache.commons.validator.routines,UrlValidatorTest,testFragments,Assertion roulette,The tool detected the smell in this test method because the test uses multiple assertion in the test. Total number of assertions in the test are: 2
commons-validator,org.apache.commons.validator.routines,UrlValidatorTest,testIsValid,Missing assertion,The tool detected the smell in this test method because the test doesn't have any assertion.
commons-validator,org.apache.commons.validator.routines,UrlValidatorTest,testValidator235,Assertion roulette,The tool detected the smell in this test method because the test uses multiple assertion in the test. Total number of assertions in the test are: 6
commons-validator,org.apache.commons.validator.routines,UrlValidatorTest,testValidator248,Assertion roulette,The tool detected the smell in this test method because the test uses multiple assertion in the test. Total number of assertions in the test are: 8
commons-validator,org.apache.commons.validator.routines,UrlValidatorTest,testValidator276,Assertion roulette,The tool detected the smell in this test method because the test uses multiple assertion in the test. Total number of assertions in the test are: 14
commons-validator,org.apache.commons.validator.routines,UrlValidatorTest,testValidator283,Assertion roulette,The tool detected the smell in this test method because the test uses multiple assertion in the test. Total number of assertions in the test are: 2
commons-validator,org.apache.commons.validator.routines,UrlValidatorTest,testValidator288,Assertion roulette,The tool detected the smell in this test method because the test uses multiple assertion in the test. Total number of assertions in the test are: 9
commons-validator,org.apache.commons.validator.routines,UrlValidatorTest,testValidator290,Assertion roulette,The tool detected the smell in this test method because the test uses multiple assertion in the test. Total number of assertions in the test are: 32
commons-validator,org.apache.commons.validator.routines,UrlValidatorTest,testValidator309,Assertion roulette,The tool detected the smell in this test method because the test uses multiple assertion in the test. Total number of assertions in the test are: 6
commons-validator,org.apache.commons.validator.routines,UrlValidatorTest,testValidator339,Assertion roulette,The tool detected the smell in this test method because the test uses multiple assertion in the test. Total number of assertions in the test are: 5
commons-validator,org.apache.commons.validator.routines,UrlValidatorTest,testValidator339IDN,Assertion roulette,The tool detected the smell in this test method because the test uses multiple assertion in the test. Total number of assertions in the test are: 5
commons-validator,org.apache.commons.validator.routines,UrlValidatorTest,testValidator342,Assertion roulette,The tool detected the smell in this test method because the test uses multiple assertion in the test. Total number of assertions in the test are: 2
commons-validator,org.apache.commons.validator.routines,UrlValidatorTest,testValidator353,Assertion roulette,The tool detected the smell in this test method because the test uses multiple assertion in the test. Total number of assertions in the test are: 9
commons-validator,org.apache.commons.validator.routines,UrlValidatorTest,testValidator363,Assertion roulette,The tool detected the smell in this test method because the test uses multiple assertion in the test. Total number of assertions in the test are: 16
commons-validator,org.apache.commons.validator.routines,UrlValidatorTest,testValidator375,Assertion roulette,The tool detected the smell in this test method because the test uses multiple assertion in the test. Total number of assertions in the test are: 3
commons-validator,org.apache.commons.validator.routines,UrlValidatorTest,testValidator380,Assertion roulette,The tool detected the smell in this test method because the test uses multiple assertion in the test. Total number of assertions in the test are: 3
commons-validator,org.apache.commons.validator.routines,UrlValidatorTest,testValidator411,Assertion roulette,The tool detected the smell in this test method because the test uses multiple assertion in the test. Total number of assertions in the test are: 5
commons-validator,org.apache.commons.validator.routines,UrlValidatorTest,testValidator420,Assertion roulette,The tool detected the smell in this test method because the test uses multiple assertion in the test. Total number of assertions in the test are: 3
commons-validator,org.apache.commons.validator.routines,UrlValidatorTest,testValidator467,Assertion roulette,The tool detected the smell in this test method because the test uses multiple assertion in the test. Total number of assertions in the test are: 4
commons-validator,org.apache.commons.validator.routines,UrlValidatorTest,testValidator473Part1,Assertion roulette,The tool detected the smell in this test method because the test uses multiple assertion in the test. Total number of assertions in the test are: 2
commons-validator,org.apache.commons.validator.routines,UrlValidatorTest,testValidator473Part2,Assertion roulette,The tool detected the smell in this test method because the test uses multiple assertion in the test. Total number of assertions in the test are: 2
commons-validator,org.apache.commons.validator.routines,UrlValidatorTest,testValidator473Part3,Assertion roulette,The tool detected the smell in this test method because the test uses multiple assertion in the test. Total number of assertions in the test are: 2
commons-validator,org.apache.commons.validator.routines.checkdigit,AbstractCheckDigitTest,testCalculateInvalid,Assertion roulette,The tool detected the smell in this test method because the test uses multiple assertion in the test. Total number of assertions in the test are: 2
commons-validator,org.apache.commons.validator.routines.checkdigit,AbstractCheckDigitTest,testCalculateInvalid,Exceptional handling,The tool detected the smell in this test method because the test uses try-catch block to assert/fail a check.
commons-validator,org.apache.commons.validator.routines.checkdigit,AbstractCheckDigitTest,testCalculateInvalid,Conditional test logic,The tool detected the smell in this test method because the test wraps the assert statements within control flow statements.
commons-validator,org.apache.commons.validator.routines.checkdigit,AbstractCheckDigitTest,testCalculateValid,Assertion roulette,The tool detected the smell in this test method because the test uses multiple assertion in the test. Total number of assertions in the test are: 2
commons-validator,org.apache.commons.validator.routines.checkdigit,AbstractCheckDigitTest,testCalculateValid,Exceptional handling,The tool detected the smell in this test method because the test uses try-catch block to assert/fail a check.
commons-validator,org.apache.commons.validator.routines.checkdigit,AbstractCheckDigitTest,testIsValidFalse,Assertion roulette,The tool detected the smell in this test method because the test uses multiple assertion in the test. Total number of assertions in the test are: 2
commons-validator,org.apache.commons.validator.routines.checkdigit,AbstractCheckDigitTest,testMissingCode,Assertion roulette,The tool detected the smell in this test method because the test uses multiple assertion in the test. Total number of assertions in the test are: 7
commons-validator,org.apache.commons.validator.routines.checkdigit,AbstractCheckDigitTest,testMissingCode,Exceptional handling,The tool detected the smell in this test method because the test uses try-catch block to assert/fail a check.
commons-validator,org.apache.commons.validator.routines.checkdigit,AbstractCheckDigitTest,testSerialization,Assertion roulette,The tool detected the smell in this test method because the test uses multiple assertion in the test. Total number of assertions in the test are: 3
commons-validator,org.apache.commons.validator.routines.checkdigit,AbstractCheckDigitTest,testSerialization,Exceptional handling,The tool detected the smell in this test method because the test uses try-catch block to assert/fail a check.
commons-validator,org.apache.commons.validator.routines.checkdigit,AbstractCheckDigitTest,testZeroSum,Assertion roulette,The tool detected the smell in this test method because the test uses multiple assertion in the test. Total number of assertions in the test are: 3
commons-validator,org.apache.commons.validator.routines.checkdigit,AbstractCheckDigitTest,testZeroSum,Exceptional handling,The tool detected the smell in this test method because the test uses try-catch block to assert/fail a check.
commons-validator,org.apache.commons.validator.routines.checkdigit,IBANCheckDigitTest,testOther,Assertion roulette,The tool detected the smell in this test method because the test uses multiple assertion in the test. Total number of assertions in the test are: 2
commons-validator,org.apache.commons.validator.routines.checkdigit,IBANCheckDigitTest,testOther,Conditional test logic,The tool detected the smell in this test method because the test wraps the assert statements within control flow statements.
commons-validator,org.apache.commons.validator.routines.checkdigit,IBANCheckDigitTest,testZeroSum,Missing assertion,The tool detected the smell in this test method because the test doesn't have any assertion.
commons-validator,org.apache.commons.validator.routines.checkdigit,IBANCheckDigitTest,testZeroSum,Empty test,The tool detected the smell in this test method because the test is empty.
commons-validator,org.apache.commons.validator.routines.checkdigit,ISBNCheckDigitTest,testInvalidLength,Assertion roulette,The tool detected the smell in this test method because the test uses multiple assertion in the test. Total number of assertions in the test are: 12
commons-validator,org.apache.commons.validator.routines.checkdigit,ISBNCheckDigitTest,testInvalidLength,Exceptional handling,The tool detected the smell in this test method because the test uses try-catch block to assert/fail a check.
commons-validator,org.apache.commons.validator.routines.checkdigit,VerhoeffCheckDigitTest,testZeroSum,Missing assertion,The tool detected the smell in this test method because the test doesn't have any assertion.
commons-validator,org.apache.commons.validator.routines.checkdigit,VerhoeffCheckDigitTest,testZeroSum,Empty test,The tool detected the smell in this test method because the test is empty.
commons-validator,org.apache.commons.validator.util,FlagsTest,testClone,Missing assertion,The tool detected the smell in this test method because the test doesn't have any assertion.
commons-validator,org.apache.commons.validator.util,FlagsTest,testClone,Empty test,The tool detected the smell in this test method because the test is empty.
commons-validator,org.apache.commons.validator.util,FlagsTest,testEqualsObject,Missing assertion,The tool detected the smell in this test method because the test doesn't have any assertion.
commons-validator,org.apache.commons.validator.util,FlagsTest,testEqualsObject,Empty test,The tool detected the smell in this test method because the test is empty.
commons-validator,org.apache.commons.validator.util,FlagsTest,testIsOnOff,Assertion roulette,The tool detected the smell in this test method because the test uses multiple assertion in the test. Total number of assertions in the test are: 5
commons-validator,org.apache.commons.validator.util,FlagsTest,testToString,Assertion roulette,The tool detected the smell in this test method because the test uses multiple assertion in the test. Total number of assertions in the test are: 3
commons-validator,org.apache.commons.validator.util,FlagsTest,testTurnOff,Missing assertion,The tool detected the smell in this test method because the test doesn't have any assertion.
commons-validator,org.apache.commons.validator.util,FlagsTest,testTurnOff,Empty test,The tool detected the smell in this test method because the test is empty.
commons-validator,org.apache.commons.validator.util,FlagsTest,testTurnOnOff,Missing assertion,The tool detected the smell in this test method because the test doesn't have any assertion.
commons-validator,org.apache.commons.validator.util,FlagsTest,testTurnOnOff,Empty test,The tool detected the smell in this test method because the test is empty.
