Project Name,Package Name,Type Name,NOF,NOPF,NOM,NOPM,LOC,WMC,NC,DIT,LCOM,FANIN,FANOUT,File path,Line no
commons-validator,org.apache.commons.validator.example,ValidateBean,8,0,17,17,57,17,0,0,0.0,1,0,C:\Summer 2024 Term\CSCI 3130\Assignment-3\commons-validator\src\example\org\apache\commons\validator\example\ValidateBean.java,19
commons-validator,org.apache.commons.validator.example,ValidateExample,1,0,2,2,81,7,0,0,0.0,0,9,C:\Summer 2024 Term\CSCI 3130\Assignment-3\commons-validator\src\example\org\apache\commons\validator\example\ValidateExample.java,36
commons-validator,org.apache.commons.validator,Arg,6,0,12,12,119,12,0,0,0.16666666666666666,3,0,C:\Summer 2024 Term\CSCI 3130\Assignment-3\commons-validator\src\main\java\org\apache\commons\validator\Arg.java,21
commons-validator,org.apache.commons.validator,CreditCardValidator,14,5,5,4,157,16,0,0,0.0,3,1,C:\Summer 2024 Term\CSCI 3130\Assignment-3\commons-validator\src\main\java\org\apache\commons\validator\CreditCardValidator.java,24
commons-validator,org.apache.commons.validator,CreditCardValidator.Amex,2,0,0,0,8,0,0,0,-1.0,0,0,C:\Summer 2024 Term\CSCI 3130\Assignment-3\commons-validator\src\main\java\org\apache\commons\validator\CreditCardValidator.java,59
commons-validator,org.apache.commons.validator,CreditCardValidator.CreditCardType,0,0,0,0,12,0,0,0,-1.0,0,0,C:\Summer 2024 Term\CSCI 3130\Assignment-3\commons-validator\src\main\java\org\apache\commons\validator\CreditCardValidator.java,69
commons-validator,org.apache.commons.validator,CreditCardValidator.Discover,2,0,0,0,7,0,0,0,-1.0,0,0,C:\Summer 2024 Term\CSCI 3130\Assignment-3\commons-validator\src\main\java\org\apache\commons\validator\CreditCardValidator.java,91
commons-validator,org.apache.commons.validator,CreditCardValidator.Mastercard,2,0,0,0,8,0,0,0,-1.0,0,0,C:\Summer 2024 Term\CSCI 3130\Assignment-3\commons-validator\src\main\java\org\apache\commons\validator\CreditCardValidator.java,100
commons-validator,org.apache.commons.validator,CreditCardValidator.Visa,2,0,0,0,10,0,0,0,-1.0,0,0,C:\Summer 2024 Term\CSCI 3130\Assignment-3\commons-validator\src\main\java\org\apache\commons\validator\CreditCardValidator.java,110
commons-validator,org.apache.commons.validator,DateValidator,1,0,4,3,73,8,0,0,1.0,1,0,C:\Summer 2024 Term\CSCI 3130\Assignment-3\commons-validator\src\main\java\org\apache\commons\validator\DateValidator.java,24
commons-validator,org.apache.commons.validator,DependentValidatorContext,5,0,6,6,29,6,0,0,0.0,1,2,C:\Summer 2024 Term\CSCI 3130\Assignment-3\commons-validator\src\main\java\org\apache\commons\validator\DependentValidatorContext.java,5
commons-validator,org.apache.commons.validator,EmailValidator,11,0,8,2,145,21,0,0,0.75,1,2,C:\Summer 2024 Term\CSCI 3130\Assignment-3\commons-validator\src\main\java\org\apache\commons\validator\EmailValidator.java,24
commons-validator,org.apache.commons.validator,Field,18,1,49,36,678,96,0,0,0.04081632653061224,14,10,C:\Summer 2024 Term\CSCI 3130\Assignment-3\commons-validator\src\main\java\org\apache\commons\validator\Field.java,34
commons-validator,org.apache.commons.validator,Form,6,0,21,11,253,37,0,0,0.0,10,4,C:\Summer 2024 Term\CSCI 3130\Assignment-3\commons-validator\src\main\java\org\apache\commons\validator\Form.java,28
commons-validator,org.apache.commons.validator,FormSet,13,0,18,13,267,37,0,0,0.0,3,1,C:\Summer 2024 Term\CSCI 3130\Assignment-3\commons-validator\src\main\java\org\apache\commons\validator\FormSet.java,28
commons-validator,org.apache.commons.validator,FormSetFactory,1,0,3,1,60,7,0,0,0.0,0,2,C:\Summer 2024 Term\CSCI 3130\Assignment-3\commons-validator\src\main\java\org\apache\commons\validator\FormSetFactory.java,24
commons-validator,org.apache.commons.validator,GenericTypeValidator,2,0,15,15,324,45,0,0,0.9333333333333333,3,1,C:\Summer 2024 Term\CSCI 3130\Assignment-3\commons-validator\src\main\java\org\apache\commons\validator\GenericTypeValidator.java,31
commons-validator,org.apache.commons.validator,GenericValidator,3,0,32,31,317,36,0,0,0.9375,16,6,C:\Summer 2024 Term\CSCI 3130\Assignment-3\commons-validator\src\main\java\org\apache\commons\validator\GenericValidator.java,28
commons-validator,org.apache.commons.validator,ISBNValidator,0,0,2,2,20,2,0,0,-1.0,1,1,C:\Summer 2024 Term\CSCI 3130\Assignment-3\commons-validator\src\main\java\org\apache\commons\validator\ISBNValidator.java,19
commons-validator,org.apache.commons.validator,Msg,5,0,10,10,113,10,0,0,0.2,1,0,C:\Summer 2024 Term\CSCI 3130\Assignment-3\commons-validator\src\main\java\org\apache\commons\validator\Msg.java,21
commons-validator,org.apache.commons.validator,UrlValidator,32,3,11,5,290,46,0,0,0.2727272727272727,1,3,C:\Summer 2024 Term\CSCI 3130\Assignment-3\commons-validator\src\main\java\org\apache\commons\validator\UrlValidator.java,29
commons-validator,org.apache.commons.validator,Validator,16,7,18,18,231,25,0,0,0.16666666666666666,20,4,C:\Summer 2024 Term\CSCI 3130\Assignment-3\commons-validator\src\main\java\org\apache\commons\validator\Validator.java,24
commons-validator,org.apache.commons.validator,ValidatorAction,17,0,40,21,531,73,0,0,0.1,6,5,C:\Summer 2024 Term\CSCI 3130\Assignment-3\commons-validator\src\main\java\org\apache\commons\validator\ValidatorAction.java,38
commons-validator,org.apache.commons.validator,ValidatorException,1,0,2,2,18,2,0,0,1.0,24,0,C:\Summer 2024 Term\CSCI 3130\Assignment-3\commons-validator\src\main\java\org\apache\commons\validator\ValidatorException.java,19
commons-validator,org.apache.commons.validator,ValidatorResources,10,0,27,16,418,68,1,0,0.18518518518518517,9,4,C:\Summer 2024 Term\CSCI 3130\Assignment-3\commons-validator\src\main\java\org\apache\commons\validator\ValidatorResources.java,36
commons-validator,org.apache.commons.validator,ValidatorResult,6,0,9,9,147,9,0,0,0.2222222222222222,14,1,C:\Summer 2024 Term\CSCI 3130\Assignment-3\commons-validator\src\main\java\org\apache\commons\validator\ValidatorResult.java,25
commons-validator,org.apache.commons.validator,ValidatorResult.ResultStatus,3,0,0,0,61,0,0,0,-1.0,0,0,C:\Summer 2024 Term\CSCI 3130\Assignment-3\commons-validator\src\main\java\org\apache\commons\validator\ValidatorResult.java,32
commons-validator,org.apache.commons.validator,ValidatorResults,2,0,8,8,87,12,0,0,0.0,19,2,C:\Summer 2024 Term\CSCI 3130\Assignment-3\commons-validator\src\main\java\org\apache\commons\validator\ValidatorResults.java,26
commons-validator,org.apache.commons.validator,Var,9,3,14,14,161,15,0,0,0.21428571428571427,2,0,C:\Summer 2024 Term\CSCI 3130\Assignment-3\commons-validator\src\main\java\org\apache\commons\validator\Var.java,21
commons-validator,org.apache.commons.validator,AbstractCommonTest,2,0,1,0,18,1,13,0,0.0,0,1,C:\Summer 2024 Term\CSCI 3130\Assignment-3\commons-validator\src\test\java\org\apache\commons\validator\AbstractCommonTest.java,24
commons-validator,org.apache.commons.validator,AbstractNumberTest,2,0,5,2,51,5,6,1,0.6,0,5,C:\Summer 2024 Term\CSCI 3130\Assignment-3\commons-validator\src\test\java\org\apache\commons\validator\AbstractNumberTest.java,29
commons-validator,org.apache.commons.validator,ByteTest,0,0,7,7,56,7,0,2,-1.0,0,2,C:\Summer 2024 Term\CSCI 3130\Assignment-3\commons-validator\src\test\java\org\apache\commons\validator\ByteTest.java,21
commons-validator,org.apache.commons.validator,CreditCardValidatorValidityTest,5,0,1,1,26,1,0,0,0.0,0,1,C:\Summer 2024 Term\CSCI 3130\Assignment-3\commons-validator\src\test\java\org\apache\commons\validator\CreditCardValidatorValidityTest.java,24
commons-validator,org.apache.commons.validator,CustomCreditCardTypeTest,2,0,1,1,18,1,0,0,0.0,0,1,C:\Summer 2024 Term\CSCI 3130\Assignment-3\commons-validator\src\test\java\org\apache\commons\validator\CustomCreditCardTypeTest.java,24
commons-validator,org.apache.commons.validator,CustomCreditCardTypeTest.DinersClub,1,0,0,0,7,0,0,0,-1.0,0,1,C:\Summer 2024 Term\CSCI 3130\Assignment-3\commons-validator\src\test\java\org\apache\commons\validator\CustomCreditCardTypeTest.java,29
commons-validator,org.apache.commons.validator,CustomValidatorResourcesTest,0,0,3,1,36,4,0,0,-1.0,0,0,C:\Summer 2024 Term\CSCI 3130\Assignment-3\commons-validator\src\test\java\org\apache\commons\validator\CustomValidatorResourcesTest.java,27
commons-validator,org.apache.commons.validator,DateTest,2,0,4,2,51,4,0,1,0.5,0,5,C:\Summer 2024 Term\CSCI 3130\Assignment-3\commons-validator\src\test\java\org\apache\commons\validator\DateTest.java,29
commons-validator,org.apache.commons.validator,DoubleTest,0,0,5,5,40,5,0,2,-1.0,0,2,C:\Summer 2024 Term\CSCI 3130\Assignment-3\commons-validator\src\test\java\org\apache\commons\validator\DoubleTest.java,21
commons-validator,org.apache.commons.validator,EmailTest,3,0,15,13,256,17,0,1,0.2,0,8,C:\Summer 2024 Term\CSCI 3130\Assignment-3\commons-validator\src\test\java\org\apache\commons\validator\EmailTest.java,30
commons-validator,org.apache.commons.validator,EntityImportTest,0,0,2,2,21,2,0,1,-1.0,0,1,C:\Summer 2024 Term\CSCI 3130\Assignment-3\commons-validator\src\test\java\org\apache\commons\validator\EntityImportTest.java,26
commons-validator,org.apache.commons.validator,ExceptionTest,2,0,4,3,68,4,0,1,0.5,0,3,C:\Summer 2024 Term\CSCI 3130\Assignment-3\commons-validator\src\test\java\org\apache\commons\validator\ExceptionTest.java,29
commons-validator,org.apache.commons.validator,ExtensionTest,5,0,10,8,184,10,0,0,0.2,0,8,C:\Summer 2024 Term\CSCI 3130\Assignment-3\commons-validator\src\test\java\org\apache\commons\validator\ExtensionTest.java,30
commons-validator,org.apache.commons.validator,FieldTest,1,0,15,11,186,15,0,0,0.0,0,2,C:\Summer 2024 Term\CSCI 3130\Assignment-3\commons-validator\src\test\java\org\apache\commons\validator\FieldTest.java,26
commons-validator,org.apache.commons.validator,FloatTest,0,0,5,5,40,5,0,2,-1.0,0,2,C:\Summer 2024 Term\CSCI 3130\Assignment-3\commons-validator\src\test\java\org\apache\commons\validator\FloatTest.java,21
commons-validator,org.apache.commons.validator,GenericTypeValidatorImpl,0,0,14,14,154,16,0,0,-1.0,0,3,C:\Summer 2024 Term\CSCI 3130\Assignment-3\commons-validator\src\test\java\org\apache\commons\validator\GenericTypeValidatorImpl.java,24
commons-validator,org.apache.commons.validator,GenericTypeValidatorTest,2,0,6,3,101,8,0,1,0.6666666666666666,0,4,C:\Summer 2024 Term\CSCI 3130\Assignment-3\commons-validator\src\test\java\org\apache\commons\validator\GenericTypeValidatorTest.java,33
commons-validator,org.apache.commons.validator,GenericValidatorImpl,3,3,12,11,188,30,0,0,0.9166666666666666,0,5,C:\Summer 2024 Term\CSCI 3130\Assignment-3\commons-validator\src\test\java\org\apache\commons\validator\GenericValidatorImpl.java,21
commons-validator,org.apache.commons.validator,GenericValidatorTest,0,0,2,2,33,2,0,0,-1.0,0,1,C:\Summer 2024 Term\CSCI 3130\Assignment-3\commons-validator\src\test\java\org\apache\commons\validator\GenericValidatorTest.java,24
commons-validator,org.apache.commons.validator,IntegerTest,0,0,7,7,56,7,0,2,-1.0,0,2,C:\Summer 2024 Term\CSCI 3130\Assignment-3\commons-validator\src\test\java\org\apache\commons\validator\IntegerTest.java,21
commons-validator,org.apache.commons.validator,ISBNValidatorTest,5,0,1,1,29,1,0,0,0.0,0,1,C:\Summer 2024 Term\CSCI 3130\Assignment-3\commons-validator\src\test\java\org\apache\commons\validator\ISBNValidatorTest.java,24
commons-validator,org.apache.commons.validator,LocaleTest,2,0,8,5,113,11,0,1,0.375,0,5,C:\Summer 2024 Term\CSCI 3130\Assignment-3\commons-validator\src\test\java\org\apache\commons\validator\LocaleTest.java,30
commons-validator,org.apache.commons.validator,LongTest,0,0,7,7,56,7,0,2,-1.0,0,2,C:\Summer 2024 Term\CSCI 3130\Assignment-3\commons-validator\src\test\java\org\apache\commons\validator\LongTest.java,21
commons-validator,org.apache.commons.validator,MultipleConfigFilesTest,3,0,6,5,131,7,0,0,0.0,0,8,C:\Summer 2024 Term\CSCI 3130\Assignment-3\commons-validator\src\test\java\org\apache\commons\validator\MultipleConfigFilesTest.java,30
commons-validator,org.apache.commons.validator,MultipleTest,2,0,10,8,168,10,0,1,0.3,0,5,C:\Summer 2024 Term\CSCI 3130\Assignment-3\commons-validator\src\test\java\org\apache\commons\validator\MultipleTest.java,29
commons-validator,org.apache.commons.validator,NameBean,3,0,6,6,26,6,0,0,0.5,8,0,C:\Summer 2024 Term\CSCI 3130\Assignment-3\commons-validator\src\test\java\org\apache\commons\validator\NameBean.java,19
commons-validator,org.apache.commons.validator,ParameterTest,4,0,5,1,57,5,0,1,0.4,0,2,C:\Summer 2024 Term\CSCI 3130\Assignment-3\commons-validator\src\test\java\org\apache\commons\validator\ParameterTest.java,31
commons-validator,org.apache.commons.validator,ParameterValidatorImpl,0,0,1,1,11,1,0,0,-1.0,0,5,C:\Summer 2024 Term\CSCI 3130\Assignment-3\commons-validator\src\test\java\org\apache\commons\validator\ParameterValidatorImpl.java,19
commons-validator,org.apache.commons.validator,RequiredIfTest,2,0,7,5,119,7,0,1,0.42857142857142855,0,5,C:\Summer 2024 Term\CSCI 3130\Assignment-3\commons-validator\src\test\java\org\apache\commons\validator\RequiredIfTest.java,29
commons-validator,org.apache.commons.validator,RequiredNameTest,2,0,8,6,135,8,0,1,0.375,0,5,C:\Summer 2024 Term\CSCI 3130\Assignment-3\commons-validator\src\test\java\org\apache\commons\validator\RequiredNameTest.java,29
commons-validator,org.apache.commons.validator,ResultPair,2,2,1,1,11,1,0,0,0.0,4,0,C:\Summer 2024 Term\CSCI 3130\Assignment-3\commons-validator\src\test\java\org\apache\commons\validator\ResultPair.java,19
commons-validator,org.apache.commons.validator,RetrieveFormTest,3,0,8,5,97,9,0,0,0.0,0,3,C:\Summer 2024 Term\CSCI 3130\Assignment-3\commons-validator\src\test\java\org\apache\commons\validator\RetrieveFormTest.java,31
commons-validator,org.apache.commons.validator,ShortTest,0,0,5,5,41,5,0,2,-1.0,0,2,C:\Summer 2024 Term\CSCI 3130\Assignment-3\commons-validator\src\test\java\org\apache\commons\validator\ShortTest.java,21
commons-validator,org.apache.commons.validator,TypeBean,8,0,16,16,61,16,0,0,0.5,1,0,C:\Summer 2024 Term\CSCI 3130\Assignment-3\commons-validator\src\test\java\org\apache\commons\validator\TypeBean.java,19
commons-validator,org.apache.commons.validator,UrlTest,12,0,10,6,158,29,0,0,0.4,0,2,C:\Summer 2024 Term\CSCI 3130\Assignment-3\commons-validator\src\test\java\org\apache\commons\validator\UrlTest.java,25
commons-validator,org.apache.commons.validator,ValidatorResourcesTest,0,0,1,1,16,1,0,0,-1.0,0,0,C:\Summer 2024 Term\CSCI 3130\Assignment-3\commons-validator\src\test\java\org\apache\commons\validator\ValidatorResourcesTest.java,25
commons-validator,org.apache.commons.validator,ValidatorResultsTest,7,0,8,2,86,8,0,1,0.25,0,5,C:\Summer 2024 Term\CSCI 3130\Assignment-3\commons-validator\src\test\java\org\apache\commons\validator\ValidatorResultsTest.java,31
commons-validator,org.apache.commons.validator,ValidatorTest,2,0,8,7,222,10,0,0,0.625,0,10,C:\Summer 2024 Term\CSCI 3130\Assignment-3\commons-validator\src\test\java\org\apache\commons\validator\ValidatorTest.java,35
commons-validator,org.apache.commons.validator,ValidatorTest.TestBean,2,0,0,0,16,0,0,0,-1.0,0,0,C:\Summer 2024 Term\CSCI 3130\Assignment-3\commons-validator\src\test\java\org\apache\commons\validator\ValidatorTest.java,40
commons-validator,org.apache.commons.validator,ValueBean,1,0,2,2,18,2,0,0,0.0,10,0,C:\Summer 2024 Term\CSCI 3130\Assignment-3\commons-validator\src\test\java\org\apache\commons\validator\ValueBean.java,19
commons-validator,org.apache.commons.validator,VarTest,2,0,3,1,54,3,0,1,1.0,0,3,C:\Summer 2024 Term\CSCI 3130\Assignment-3\commons-validator\src\test\java\org\apache\commons\validator\VarTest.java,33
commons-validator,org.apache.commons.validator.routines,AbstractCalendarValidator,3,0,17,7,301,45,3,1,0.23529411764705882,2,1,C:\Summer 2024 Term\CSCI 3130\Assignment-3\commons-validator\src\main\java\org\apache\commons\validator\routines\AbstractCalendarValidator.java,29
commons-validator,org.apache.commons.validator.routines,AbstractFormatValidator,2,0,14,10,139,17,2,0,0.21428571428571427,0,0,C:\Summer 2024 Term\CSCI 3130\Assignment-3\commons-validator\src\main\java\org\apache\commons\validator\routines\AbstractFormatValidator.java,24
commons-validator,org.apache.commons.validator.routines,AbstractNumberValidator,6,3,12,7,0,31,8,1,0.16666666666666666,4,1,C:\Summer 2024 Term\CSCI 3130\Assignment-3\commons-validator\src\main\java\org\apache\commons\validator\routines\AbstractNumberValidator.java,27
commons-validator,org.apache.commons.validator.routines,BigDecimalValidator,2,0,12,10,121,14,2,2,1.0,5,0,C:\Summer 2024 Term\CSCI 3130\Assignment-3\commons-validator\src\main\java\org\apache\commons\validator\routines\BigDecimalValidator.java,24
commons-validator,org.apache.commons.validator.routines,BigIntegerValidator,2,0,11,10,102,11,0,2,1.0,1,0,C:\Summer 2024 Term\CSCI 3130\Assignment-3\commons-validator\src\main\java\org\apache\commons\validator\routines\BigIntegerValidator.java,23
commons-validator,org.apache.commons.validator.routines,ByteValidator,2,0,14,13,136,16,0,2,0.7857142857142857,1,0,C:\Summer 2024 Term\CSCI 3130\Assignment-3\commons-validator\src\main\java\org\apache\commons\validator\routines\ByteValidator.java,22
commons-validator,org.apache.commons.validator.routines,CalendarValidator,2,0,19,18,188,20,0,2,0.9473684210526315,1,0,C:\Summer 2024 Term\CSCI 3130\Assignment-3\commons-validator\src\main\java\org\apache\commons\validator\routines\CalendarValidator.java,25
commons-validator,org.apache.commons.validator.routines,CodeValidator,5,0,12,12,151,19,0,0,0.0,8,3,C:\Summer 2024 Term\CSCI 3130\Assignment-3\commons-validator\src\main\java\org\apache\commons\validator\routines\CodeValidator.java,24
commons-validator,org.apache.commons.validator.routines,CreditCardValidator,29,15,16,13,309,48,0,0,0.1875,2,5,C:\Summer 2024 Term\CSCI 3130\Assignment-3\commons-validator\src\main\java\org\apache\commons\validator\routines\CreditCardValidator.java,28
commons-validator,org.apache.commons.validator.routines,CreditCardValidator.CreditCardRange,5,0,0,0,38,0,0,0,-1.0,0,0,C:\Summer 2024 Term\CSCI 3130\Assignment-3\commons-validator\src\main\java\org\apache\commons\validator\routines\CreditCardValidator.java,86
commons-validator,org.apache.commons.validator.routines,CurrencyValidator,3,0,4,3,58,8,0,3,1.0,1,1,C:\Summer 2024 Term\CSCI 3130\Assignment-3\commons-validator\src\main\java\org\apache\commons\validator\routines\CurrencyValidator.java,22
commons-validator,org.apache.commons.validator.routines,DateValidator,2,0,19,17,201,20,0,2,0.6842105263157895,2,0,C:\Summer 2024 Term\CSCI 3130\Assignment-3\commons-validator\src\main\java\org\apache\commons\validator\routines\DateValidator.java,26
commons-validator,org.apache.commons.validator.routines,DomainValidator,32,0,20,13,0,74,0,0,0.0,7,1,C:\Summer 2024 Term\CSCI 3130\Assignment-3\commons-validator\src\main\java\org\apache\commons\validator\routines\DomainValidator.java,25
commons-validator,org.apache.commons.validator.routines,DomainValidator.ArrayType,0,0,0,0,38,0,0,0,-1.0,0,0,C:\Summer 2024 Term\CSCI 3130\Assignment-3\commons-validator\src\main\java\org\apache\commons\validator\routines\DomainValidator.java,66
commons-validator,org.apache.commons.validator.routines,DomainValidator.IDNBUGHOLDER,1,0,0,0,7,0,0,0,-1.0,0,0,C:\Summer 2024 Term\CSCI 3130\Assignment-3\commons-validator\src\main\java\org\apache\commons\validator\routines\DomainValidator.java,102
commons-validator,org.apache.commons.validator.routines,DomainValidator.Item,2,0,0,0,17,0,0,0,-1.0,0,0,C:\Summer 2024 Term\CSCI 3130\Assignment-3\commons-validator\src\main\java\org\apache\commons\validator\routines\DomainValidator.java,110
commons-validator,org.apache.commons.validator.routines,DomainValidator.LazyHolder,2,0,0,0,10,0,0,0,-1.0,0,1,C:\Summer 2024 Term\CSCI 3130\Assignment-3\commons-validator\src\main\java\org\apache\commons\validator\routines\DomainValidator.java,131
commons-validator,org.apache.commons.validator.routines,DoubleValidator,2,0,14,13,133,15,0,2,0.7857142857142857,1,0,C:\Summer 2024 Term\CSCI 3130\Assignment-3\commons-validator\src\main\java\org\apache\commons\validator\routines\DoubleValidator.java,22
commons-validator,org.apache.commons.validator.routines,EmailValidator,18,0,9,5,153,22,0,0,0.2222222222222222,4,2,C:\Summer 2024 Term\CSCI 3130\Assignment-3\commons-validator\src\main\java\org\apache\commons\validator\routines\EmailValidator.java,23
commons-validator,org.apache.commons.validator.routines,FloatValidator,2,0,14,13,148,20,0,2,0.7857142857142857,1,0,C:\Summer 2024 Term\CSCI 3130\Assignment-3\commons-validator\src\main\java\org\apache\commons\validator\routines\FloatValidator.java,22
commons-validator,org.apache.commons.validator.routines,IBANValidator,10,1,10,9,167,17,0,0,0.2,1,2,C:\Summer 2024 Term\CSCI 3130\Assignment-3\commons-validator\src\main\java\org\apache\commons\validator\routines\IBANValidator.java,27
commons-validator,org.apache.commons.validator.routines,IBANValidator.Validator,6,0,0,0,55,0,0,0,-1.0,0,1,C:\Summer 2024 Term\CSCI 3130\Assignment-3\commons-validator\src\main\java\org\apache\commons\validator\routines\IBANValidator.java,53
commons-validator,org.apache.commons.validator.routines,InetAddressValidator,12,0,4,4,159,29,0,0,0.5,5,2,C:\Summer 2024 Term\CSCI 3130\Assignment-3\commons-validator\src\main\java\org\apache\commons\validator\routines\InetAddressValidator.java,28
commons-validator,org.apache.commons.validator.routines,IntegerValidator,2,0,14,13,136,16,0,2,0.7857142857142857,1,0,C:\Summer 2024 Term\CSCI 3130\Assignment-3\commons-validator\src\main\java\org\apache\commons\validator\routines\IntegerValidator.java,22
commons-validator,org.apache.commons.validator.routines,ISBNValidator,13,0,11,11,145,15,0,0,0.18181818181818182,2,3,C:\Summer 2024 Term\CSCI 3130\Assignment-3\commons-validator\src\main\java\org\apache\commons\validator\routines\ISBNValidator.java,26
commons-validator,org.apache.commons.validator.routines,ISINValidator,8,0,5,3,65,7,0,0,0.0,1,2,C:\Summer 2024 Term\CSCI 3130\Assignment-3\commons-validator\src\main\java\org\apache\commons\validator\routines\ISINValidator.java,25
commons-validator,org.apache.commons.validator.routines,ISSNValidator,9,0,6,6,103,11,0,0,0.3333333333333333,1,3,C:\Summer 2024 Term\CSCI 3130\Assignment-3\commons-validator\src\main\java\org\apache\commons\validator\routines\ISSNValidator.java,25
commons-validator,org.apache.commons.validator.routines,LongValidator,2,0,14,13,133,15,0,2,0.7857142857142857,1,0,C:\Summer 2024 Term\CSCI 3130\Assignment-3\commons-validator\src\main\java\org\apache\commons\validator\routines\LongValidator.java,22
commons-validator,org.apache.commons.validator.routines,PercentValidator,4,0,4,3,61,9,0,3,1.0,1,1,C:\Summer 2024 Term\CSCI 3130\Assignment-3\commons-validator\src\main\java\org\apache\commons\validator\routines\PercentValidator.java,23
commons-validator,org.apache.commons.validator.routines,RegexValidator,2,0,10,9,146,28,0,0,0.5,11,0,C:\Summer 2024 Term\CSCI 3130\Assignment-3\commons-validator\src\main\java\org\apache\commons\validator\routines\RegexValidator.java,24
commons-validator,org.apache.commons.validator.routines,ShortValidator,2,0,14,13,134,15,0,2,0.7857142857142857,1,0,C:\Summer 2024 Term\CSCI 3130\Assignment-3\commons-validator\src\main\java\org\apache\commons\validator\routines\ShortValidator.java,22
commons-validator,org.apache.commons.validator.routines,TimeValidator,2,0,16,15,150,16,0,2,1.0,1,0,C:\Summer 2024 Term\CSCI 3130\Assignment-3\commons-validator\src\main\java\org\apache\commons\validator\routines\TimeValidator.java,25
commons-validator,org.apache.commons.validator.routines,UrlValidator,28,4,18,9,356,52,0,0,0.2222222222222222,2,4,C:\Summer 2024 Term\CSCI 3130\Assignment-3\commons-validator\src\main\java\org\apache\commons\validator\routines\UrlValidator.java,31
commons-validator,org.apache.commons.validator.routines,AbstractCalendarValidatorTest,10,0,9,6,139,15,2,0,0.2222222222222222,0,1,C:\Summer 2024 Term\CSCI 3130\Assignment-3\commons-validator\src\test\java\org\apache\commons\validator\routines\AbstractCalendarValidatorTest.java,38
commons-validator,org.apache.commons.validator.routines,AbstractNumberValidatorTest,21,0,12,10,167,17,8,0,0.16666666666666666,0,1,C:\Summer 2024 Term\CSCI 3130\Assignment-3\commons-validator\src\test\java\org\apache\commons\validator\routines\AbstractNumberValidatorTest.java,38
commons-validator,org.apache.commons.validator.routines,BigDecimalValidatorTest,0,0,3,2,85,3,0,1,-1.0,0,2,C:\Summer 2024 Term\CSCI 3130\Assignment-3\commons-validator\src\test\java\org\apache\commons\validator\routines\BigDecimalValidatorTest.java,30
commons-validator,org.apache.commons.validator.routines,BigIntegerValidatorTest,0,0,3,2,81,3,0,1,-1.0,0,1,C:\Summer 2024 Term\CSCI 3130\Assignment-3\commons-validator\src\test\java\org\apache\commons\validator\routines\BigIntegerValidatorTest.java,30
commons-validator,org.apache.commons.validator.routines,ByteValidatorTest,8,0,3,2,91,3,0,1,1.0,0,1,C:\Summer 2024 Term\CSCI 3130\Assignment-3\commons-validator\src\test\java\org\apache\commons\validator\routines\ByteValidatorTest.java,29
commons-validator,org.apache.commons.validator.routines,CalendarValidatorTest,4,0,7,5,189,7,0,1,0.7142857142857143,0,2,C:\Summer 2024 Term\CSCI 3130\Assignment-3\commons-validator\src\test\java\org\apache\commons\validator\routines\CalendarValidatorTest.java,35
commons-validator,org.apache.commons.validator.routines,CodeValidatorTest,0,0,7,7,172,7,0,0,-1.0,0,3,C:\Summer 2024 Term\CSCI 3130\Assignment-3\commons-validator\src\test\java\org\apache\commons\validator\routines\CodeValidatorTest.java,29
commons-validator,org.apache.commons.validator.routines,CreditCardValidatorTest,19,0,20,20,470,25,0,0,0.25,0,4,C:\Summer 2024 Term\CSCI 3130\Assignment-3\commons-validator\src\test\java\org\apache\commons\validator\routines\CreditCardValidatorTest.java,29
commons-validator,org.apache.commons.validator.routines,CurrencyValidatorTest,3,0,7,6,108,7,0,0,0.2857142857142857,0,3,C:\Summer 2024 Term\CSCI 3130\Assignment-3\commons-validator\src\test\java\org\apache\commons\validator\routines\CurrencyValidatorTest.java,30
commons-validator,org.apache.commons.validator.routines,DateValidatorTest,1,0,4,3,123,5,0,1,0.75,0,1,C:\Summer 2024 Term\CSCI 3130\Assignment-3\commons-validator\src\test\java\org\apache\commons\validator\routines\DateValidatorTest.java,34
commons-validator,org.apache.commons.validator.routines,DomainValidatorStartupTest,0,0,21,21,147,21,0,0,-1.0,0,1,C:\Summer 2024 Term\CSCI 3130\Assignment-3\commons-validator\src\test\java\org\apache\commons\validator\routines\DomainValidatorStartupTest.java,36
commons-validator,org.apache.commons.validator.routines,DomainValidatorTest,1,0,31,21,450,80,0,0,0.1935483870967742,0,1,C:\Summer 2024 Term\CSCI 3130\Assignment-3\commons-validator\src\test\java\org\apache\commons\validator\routines\DomainValidatorTest.java,54
commons-validator,org.apache.commons.validator.routines,DoubleValidatorTest,0,0,3,2,81,3,0,1,-1.0,0,1,C:\Summer 2024 Term\CSCI 3130\Assignment-3\commons-validator\src\test\java\org\apache\commons\validator\routines\DoubleValidatorTest.java,29
commons-validator,org.apache.commons.validator.routines,EmailValidatorTest,4,0,27,27,279,32,0,0,0.25925925925925924,0,3,C:\Summer 2024 Term\CSCI 3130\Assignment-3\commons-validator\src\test\java\org\apache\commons\validator\routines\EmailValidatorTest.java,36
commons-validator,org.apache.commons.validator.routines,FloatValidatorTest,0,0,4,3,100,4,0,1,-1.0,0,1,C:\Summer 2024 Term\CSCI 3130\Assignment-3\commons-validator\src\test\java\org\apache\commons\validator\routines\FloatValidatorTest.java,30
commons-validator,org.apache.commons.validator.routines,IBANValidatorTest,5,0,18,14,0,39,0,0,0.3888888888888889,0,2,C:\Summer 2024 Term\CSCI 3130\Assignment-3\commons-validator\src\test\java\org\apache\commons\validator\routines\IBANValidatorTest.java,43
commons-validator,org.apache.commons.validator.routines,InetAddressValidatorTest,1,0,9,8,558,11,0,0,0.0,0,1,C:\Summer 2024 Term\CSCI 3130\Assignment-3\commons-validator\src\test\java\org\apache\commons\validator\routines\InetAddressValidatorTest.java,26
commons-validator,org.apache.commons.validator.routines,IntegerValidatorTest,8,0,4,3,95,4,0,1,1.0,0,1,C:\Summer 2024 Term\CSCI 3130\Assignment-3\commons-validator\src\test\java\org\apache\commons\validator\routines\IntegerValidatorTest.java,29
commons-validator,org.apache.commons.validator.routines,ISBNValidatorTest,4,0,12,12,212,16,0,0,1.0,0,1,C:\Summer 2024 Term\CSCI 3130\Assignment-3\commons-validator\src\test\java\org\apache\commons\validator\routines\ISBNValidatorTest.java,29
commons-validator,org.apache.commons.validator.routines,ISINValidatorTest,5,0,4,4,33,9,0,0,0.0,0,1,C:\Summer 2024 Term\CSCI 3130\Assignment-3\commons-validator\src\test\java\org\apache\commons\validator\routines\ISINValidatorTest.java,24
commons-validator,org.apache.commons.validator.routines,ISSNValidatorTest,3,0,9,9,107,12,0,0,0.0,0,3,C:\Summer 2024 Term\CSCI 3130\Assignment-3\commons-validator\src\test\java\org\apache\commons\validator\routines\ISSNValidatorTest.java,33
commons-validator,org.apache.commons.validator.routines,LongValidatorTest,9,0,3,2,90,3,0,1,1.0,0,1,C:\Summer 2024 Term\CSCI 3130\Assignment-3\commons-validator\src\test\java\org\apache\commons\validator\routines\LongValidatorTest.java,29
commons-validator,org.apache.commons.validator.routines,PercentValidatorTest,1,0,5,3,57,5,0,0,0.8,0,3,C:\Summer 2024 Term\CSCI 3130\Assignment-3\commons-validator\src\test\java\org\apache\commons\validator\routines\PercentValidatorTest.java,30
commons-validator,org.apache.commons.validator.routines,RegexValidatorTest,10,0,9,8,199,13,0,0,0.3333333333333333,0,1,C:\Summer 2024 Term\CSCI 3130\Assignment-3\commons-validator\src\test\java\org\apache\commons\validator\routines\RegexValidatorTest.java,31
commons-validator,org.apache.commons.validator.routines,ShortValidatorTest,0,0,3,2,83,3,0,1,-1.0,0,1,C:\Summer 2024 Term\CSCI 3130\Assignment-3\commons-validator\src\test\java\org\apache\commons\validator\routines\ShortValidatorTest.java,29
commons-validator,org.apache.commons.validator.routines,TimeValidatorTest,11,0,11,7,205,15,0,0,0.0,0,1,C:\Summer 2024 Term\CSCI 3130\Assignment-3\commons-validator\src\test\java\org\apache\commons\validator\routines\TimeValidatorTest.java,34
commons-validator,org.apache.commons.validator.routines,UrlValidatorTest,13,0,38,36,429,59,0,0,0.868421052631579,0,4,C:\Summer 2024 Term\CSCI 3130\Assignment-3\commons-validator\src\test\java\org\apache\commons\validator\routines\UrlValidatorTest.java,37
commons-validator,org.apache.commons.validator.routines.checkdigit,ABANumberCheckDigit,3,1,2,1,31,2,0,3,1.0,1,1,C:\Summer 2024 Term\CSCI 3130\Assignment-3\commons-validator\src\main\java\org\apache\commons\validator\routines\checkdigit\ABANumberCheckDigit.java,19
commons-validator,org.apache.commons.validator.routines.checkdigit,AbstractCheckDigit,0,0,0,0,5,0,4,1,-1.0,0,0,C:\Summer 2024 Term\CSCI 3130\Assignment-3\commons-validator\src\main\java\org\apache\commons\validator\routines\checkdigit\AbstractCheckDigit.java,20
commons-validator,org.apache.commons.validator.routines.checkdigit,CASNumberCheckDigit,9,0,5,3,79,8,0,3,0.6,1,4,C:\Summer 2024 Term\CSCI 3130\Assignment-3\commons-validator\src\main\java\org\apache\commons\validator\routines\checkdigit\CASNumberCheckDigit.java,22
commons-validator,org.apache.commons.validator.routines.checkdigit,CheckDigit,0,0,2,0,20,2,1,0,-1.0,17,1,C:\Summer 2024 Term\CSCI 3130\Assignment-3\commons-validator\src\main\java\org\apache\commons\validator\routines\checkdigit\CheckDigit.java,21
commons-validator,org.apache.commons.validator.routines.checkdigit,CheckDigitException,1,0,3,3,27,3,0,0,1.0,13,0,C:\Summer 2024 Term\CSCI 3130\Assignment-3\commons-validator\src\main\java\org\apache\commons\validator\routines\checkdigit\CheckDigitException.java,19
commons-validator,org.apache.commons.validator.routines.checkdigit,CUSIPCheckDigit,3,1,3,1,48,4,0,3,1.0,1,3,C:\Summer 2024 Term\CSCI 3130\Assignment-3\commons-validator\src\main\java\org\apache\commons\validator\routines\checkdigit\CUSIPCheckDigit.java,19
commons-validator,org.apache.commons.validator.routines.checkdigit,EAN13CheckDigit,3,1,2,1,30,2,0,3,1.0,6,1,C:\Summer 2024 Term\CSCI 3130\Assignment-3\commons-validator\src\main\java\org\apache\commons\validator\routines\checkdigit\EAN13CheckDigit.java,19
commons-validator,org.apache.commons.validator.routines.checkdigit,ECNumberCheckDigit,7,0,5,3,71,8,0,3,0.6,1,4,C:\Summer 2024 Term\CSCI 3130\Assignment-3\commons-validator\src\main\java\org\apache\commons\validator\routines\checkdigit\ECNumberCheckDigit.java,22
commons-validator,org.apache.commons.validator.routines.checkdigit,IBANCheckDigit,6,1,4,3,77,10,0,2,0.5,3,2,C:\Summer 2024 Term\CSCI 3130\Assignment-3\commons-validator\src\main\java\org\apache\commons\validator\routines\checkdigit\IBANCheckDigit.java,21
commons-validator,org.apache.commons.validator.routines.checkdigit,ISBN10CheckDigit,2,1,4,1,53,6,0,3,1.0,3,2,C:\Summer 2024 Term\CSCI 3130\Assignment-3\commons-validator\src\main\java\org\apache\commons\validator\routines\checkdigit\ISBN10CheckDigit.java,19
commons-validator,org.apache.commons.validator.routines.checkdigit,ISBNCheckDigit,4,3,2,2,54,8,0,2,0.0,1,5,C:\Summer 2024 Term\CSCI 3130\Assignment-3\commons-validator\src\main\java\org\apache\commons\validator\routines\checkdigit\ISBNCheckDigit.java,23
commons-validator,org.apache.commons.validator.routines.checkdigit,ISINCheckDigit,4,1,3,1,57,7,0,3,1.0,2,3,C:\Summer 2024 Term\CSCI 3130\Assignment-3\commons-validator\src\main\java\org\apache\commons\validator\routines\checkdigit\ISINCheckDigit.java,19
commons-validator,org.apache.commons.validator.routines.checkdigit,ISSNCheckDigit,2,1,4,1,32,6,0,3,1.0,2,2,C:\Summer 2024 Term\CSCI 3130\Assignment-3\commons-validator\src\main\java\org\apache\commons\validator\routines\checkdigit\ISSNCheckDigit.java,19
commons-validator,org.apache.commons.validator.routines.checkdigit,LuhnCheckDigit,3,1,2,1,32,2,0,3,1.0,3,1,C:\Summer 2024 Term\CSCI 3130\Assignment-3\commons-validator\src\main\java\org\apache\commons\validator\routines\checkdigit\LuhnCheckDigit.java,19
commons-validator,org.apache.commons.validator.routines.checkdigit,ModulusCheckDigit,4,0,10,5,134,17,11,2,0.3,3,2,C:\Summer 2024 Term\CSCI 3130\Assignment-3\commons-validator\src\main\java\org\apache\commons\validator\routines\checkdigit\ModulusCheckDigit.java,23
commons-validator,org.apache.commons.validator.routines.checkdigit,ModulusTenCheckDigit,4,0,7,5,97,11,0,3,0.42857142857142855,0,3,C:\Summer 2024 Term\CSCI 3130\Assignment-3\commons-validator\src\main\java\org\apache\commons\validator\routines\checkdigit\ModulusTenCheckDigit.java,24
commons-validator,org.apache.commons.validator.routines.checkdigit,SedolCheckDigit,4,1,4,1,60,6,0,3,0.75,1,2,C:\Summer 2024 Term\CSCI 3130\Assignment-3\commons-validator\src\main\java\org\apache\commons\validator\routines\checkdigit\SedolCheckDigit.java,19
commons-validator,org.apache.commons.validator.routines.checkdigit,VerhoeffCheckDigit,5,1,3,2,72,7,0,2,0.0,1,3,C:\Summer 2024 Term\CSCI 3130\Assignment-3\commons-validator\src\main\java\org\apache\commons\validator\routines\checkdigit\VerhoeffCheckDigit.java,23
commons-validator,org.apache.commons.validator.routines.checkdigit,ABANumberCheckDigitTest,0,0,1,0,12,1,0,1,-1.0,0,1,C:\Summer 2024 Term\CSCI 3130\Assignment-3\commons-validator\src\test\java\org\apache\commons\validator\routines\checkdigit\ABANumberCheckDigitTest.java,21
commons-validator,org.apache.commons.validator.routines.checkdigit,AbstractCheckDigitTest,8,0,11,7,224,32,18,0,0.0,0,1,C:\Summer 2024 Term\CSCI 3130\Assignment-3\commons-validator\src\test\java\org\apache\commons\validator\routines\checkdigit\AbstractCheckDigitTest.java,37
commons-validator,org.apache.commons.validator.routines.checkdigit,CASNumberCheckDigitTest,10,0,2,0,32,3,0,1,1.0,0,1,C:\Summer 2024 Term\CSCI 3130\Assignment-3\commons-validator\src\test\java\org\apache\commons\validator\routines\checkdigit\CASNumberCheckDigitTest.java,21
commons-validator,org.apache.commons.validator.routines.checkdigit,CUSIPCheckDigitTest,2,0,3,2,25,5,0,1,1.0,0,1,C:\Summer 2024 Term\CSCI 3130\Assignment-3\commons-validator\src\test\java\org\apache\commons\validator\routines\checkdigit\CUSIPCheckDigitTest.java,25
commons-validator,org.apache.commons.validator.routines.checkdigit,EAN13CheckDigitTest,0,0,1,0,12,1,0,1,-1.0,0,1,C:\Summer 2024 Term\CSCI 3130\Assignment-3\commons-validator\src\test\java\org\apache\commons\validator\routines\checkdigit\EAN13CheckDigitTest.java,21
commons-validator,org.apache.commons.validator.routines.checkdigit,ECNumberCheckDigitTest,6,0,2,0,28,3,0,1,1.0,0,1,C:\Summer 2024 Term\CSCI 3130\Assignment-3\commons-validator\src\test\java\org\apache\commons\validator\routines\checkdigit\ECNumberCheckDigitTest.java,21
commons-validator,org.apache.commons.validator.routines.checkdigit,IBANCheckDigitTest,0,0,7,3,77,14,0,1,-1.0,0,1,C:\Summer 2024 Term\CSCI 3130\Assignment-3\commons-validator\src\test\java\org\apache\commons\validator\routines\checkdigit\IBANCheckDigitTest.java,28
commons-validator,org.apache.commons.validator.routines.checkdigit,ISBN10CheckDigitTest,0,0,1,0,12,1,0,1,-1.0,0,1,C:\Summer 2024 Term\CSCI 3130\Assignment-3\commons-validator\src\test\java\org\apache\commons\validator\routines\checkdigit\ISBN10CheckDigitTest.java,21
commons-validator,org.apache.commons.validator.routines.checkdigit,ISBNCheckDigitTest,0,0,2,1,51,2,0,1,-1.0,0,1,C:\Summer 2024 Term\CSCI 3130\Assignment-3\commons-validator\src\test\java\org\apache\commons\validator\routines\checkdigit\ISBNCheckDigitTest.java,26
commons-validator,org.apache.commons.validator.routines.checkdigit,ISINCheckDigitTest,1,0,2,1,19,3,0,1,1.0,0,1,C:\Summer 2024 Term\CSCI 3130\Assignment-3\commons-validator\src\test\java\org\apache\commons\validator\routines\checkdigit\ISINCheckDigitTest.java,24
commons-validator,org.apache.commons.validator.routines.checkdigit,ISSNCheckDigitTest,0,0,1,0,15,1,0,1,-1.0,0,1,C:\Summer 2024 Term\CSCI 3130\Assignment-3\commons-validator\src\test\java\org\apache\commons\validator\routines\checkdigit\ISSNCheckDigitTest.java,21
commons-validator,org.apache.commons.validator.routines.checkdigit,LuhnCheckDigitTest,6,0,1,0,18,1,0,1,0.0,0,1,C:\Summer 2024 Term\CSCI 3130\Assignment-3\commons-validator\src\test\java\org\apache\commons\validator\routines\checkdigit\LuhnCheckDigitTest.java,21
commons-validator,org.apache.commons.validator.routines.checkdigit,ModulusTenABACheckDigitTest,0,0,1,0,12,1,0,1,-1.0,0,0,C:\Summer 2024 Term\CSCI 3130\Assignment-3\commons-validator\src\test\java\org\apache\commons\validator\routines\checkdigit\ModulusTenABACheckDigitTest.java,21
commons-validator,org.apache.commons.validator.routines.checkdigit,ModulusTenCUSIPCheckDigitTest,2,0,3,2,25,5,0,1,1.0,0,0,C:\Summer 2024 Term\CSCI 3130\Assignment-3\commons-validator\src\test\java\org\apache\commons\validator\routines\checkdigit\ModulusTenCUSIPCheckDigitTest.java,25
commons-validator,org.apache.commons.validator.routines.checkdigit,ModulusTenEAN13CheckDigitTest,0,0,1,0,12,1,0,1,-1.0,0,0,C:\Summer 2024 Term\CSCI 3130\Assignment-3\commons-validator\src\test\java\org\apache\commons\validator\routines\checkdigit\ModulusTenEAN13CheckDigitTest.java,21
commons-validator,org.apache.commons.validator.routines.checkdigit,ModulusTenLuhnCheckDigitTest,6,0,1,0,18,1,0,1,0.0,0,0,C:\Summer 2024 Term\CSCI 3130\Assignment-3\commons-validator\src\test\java\org\apache\commons\validator\routines\checkdigit\ModulusTenLuhnCheckDigitTest.java,21
commons-validator,org.apache.commons.validator.routines.checkdigit,ModulusTenSedolCheckDigitTest,1,0,2,1,20,3,0,1,1.0,0,0,C:\Summer 2024 Term\CSCI 3130\Assignment-3\commons-validator\src\test\java\org\apache\commons\validator\routines\checkdigit\ModulusTenSedolCheckDigitTest.java,24
commons-validator,org.apache.commons.validator.routines.checkdigit,SedolCheckDigitTest,1,0,2,1,20,3,0,1,1.0,0,1,C:\Summer 2024 Term\CSCI 3130\Assignment-3\commons-validator\src\test\java\org\apache\commons\validator\routines\checkdigit\SedolCheckDigitTest.java,24
commons-validator,org.apache.commons.validator.routines.checkdigit,VerhoeffCheckDigitTest,0,0,2,1,17,2,0,1,-1.0,0,1,C:\Summer 2024 Term\CSCI 3130\Assignment-3\commons-validator\src\test\java\org\apache\commons\validator\routines\checkdigit\VerhoeffCheckDigitTest.java,22
commons-validator,org.apache.commons.validator.util,Flags,2,0,14,14,126,17,0,0,0.21428571428571427,3,0,C:\Summer 2024 Term\CSCI 3130\Assignment-3\commons-validator\src\main\java\org\apache\commons\validator\util\Flags.java,21
commons-validator,org.apache.commons.validator.util,ValidatorUtils,1,0,4,4,97,15,0,0,1.0,6,0,C:\Summer 2024 Term\CSCI 3130\Assignment-3\commons-validator\src\main\java\org\apache\commons\validator\util\ValidatorUtils.java,33
commons-validator,org.apache.commons.validator.util,FlagsTest,3,0,13,13,80,13,0,0,0.9230769230769231,0,1,C:\Summer 2024 Term\CSCI 3130\Assignment-3\commons-validator\src\test\java\org\apache\commons\validator\util\FlagsTest.java,25
commons-validator,org.apache.commons.validator.util,ValidatorUtilsTest,0,0,1,1,14,1,0,0,-1.0,0,1,C:\Summer 2024 Term\CSCI 3130\Assignment-3\commons-validator\src\test\java\org\apache\commons\validator\util\ValidatorUtilsTest.java,25
commons-validator,org.apache.commons.validator.custom,CustomValidatorResources,1,0,1,1,15,1,0,1,0.0,0,0,C:\Summer 2024 Term\CSCI 3130\Assignment-3\commons-validator\src\test\java\org\apache\commons\validator\custom\CustomValidatorResources.java,25
