Project Name,Package Name,Type Name,Method Name,LOC,CC,PC,Line no,IsTest,Main prod class tested,Production classes tested
validator,org.apache.commons.validator,Arg,clone,8,1,0,72,0,,
validator,org.apache.commons.validator,Arg,getBundle,3,1,0,85,0,,
validator,org.apache.commons.validator,Arg,getKey,3,1,0,94,0,,
validator,org.apache.commons.validator,Arg,getName,3,1,0,102,0,,
validator,org.apache.commons.validator,Arg,getPosition,3,1,0,110,0,,
validator,org.apache.commons.validator,Arg,isResource,3,1,0,118,0,,
validator,org.apache.commons.validator,Arg,setBundle,3,1,1,126,0,,
validator,org.apache.commons.validator,Arg,setKey,3,1,1,135,0,,
validator,org.apache.commons.validator,Arg,setName,3,1,1,143,0,,
validator,org.apache.commons.validator,Arg,setPosition,3,1,1,151,0,,
validator,org.apache.commons.validator,Arg,setResource,3,1,1,159,0,,
validator,org.apache.commons.validator,Arg,toString,3,1,0,167,0,,
validator,org.apache.commons.validator,CreditCardValidator,CreditCardValidator,3,1,0,164,0,,
validator,org.apache.commons.validator,CreditCardValidator,CreditCardValidator,15,5,1,171,0,,
validator,org.apache.commons.validator,CreditCardValidator,addAllowedCardType,3,1,1,196,0,,
validator,org.apache.commons.validator,CreditCardValidator,isValid,15,5,1,206,0,org.apache.commons.validator.CreditCardValidator,org.apache.commons.validator.CreditCardValidator
validator,org.apache.commons.validator,CreditCardValidator,luhnCheck,22,4,1,227,0,,
validator,org.apache.commons.validator,DateValidator,getInstance,3,1,0,43,0,,
validator,org.apache.commons.validator,DateValidator,DateValidator,2,1,0,51,0,,
validator,org.apache.commons.validator,DateValidator,isValid,20,3,2,57,0,,
validator,org.apache.commons.validator,DateValidator,isValid,17,3,3,94,0,,
validator,org.apache.commons.validator,DependentValidatorContext,DependentValidatorContext,7,1,5,12,0,,
validator,org.apache.commons.validator,DependentValidatorContext,getVa,3,1,0,22,0,,
validator,org.apache.commons.validator,DependentValidatorContext,getResults,3,1,0,26,0,,
validator,org.apache.commons.validator,DependentValidatorContext,getActions,3,1,0,30,0,,
validator,org.apache.commons.validator,DependentValidatorContext,getParams,3,1,0,34,0,,
validator,org.apache.commons.validator,DependentValidatorContext,getPos,3,1,0,38,0,,
validator,org.apache.commons.validator,EmailValidator,getInstance,3,1,0,66,0,,
validator,org.apache.commons.validator,EmailValidator,EmailValidator,2,1,0,74,0,,
validator,org.apache.commons.validator,EmailValidator,isValid,3,1,1,80,0,,
validator,org.apache.commons.validator,EmailValidator,isValidDomain,20,5,1,91,0,org.apache.commons.validator.EmailValidator,org.apache.commons.validator.EmailValidator
validator,org.apache.commons.validator,EmailValidator,isValidIpAddress,20,4,1,123,0,,
validator,org.apache.commons.validator,EmailValidator,isValidSymbolicDomain,27,6,1,152,0,,
validator,org.apache.commons.validator,EmailValidator,isValidUser,3,1,1,194,0,,
validator,org.apache.commons.validator,EmailValidator,stripComments,9,2,1,203,0,,
validator,org.apache.commons.validator,Field,addArg,18,4,1,149,0,org.apache.commons.validator.Field,org.apache.commons.validator.Field
validator,org.apache.commons.validator,Field,addMsg,3,1,1,177,0,org.apache.commons.validator.Field,org.apache.commons.validator.Field
validator,org.apache.commons.validator,Field,addVar,3,1,3,185,0,org.apache.commons.validator.Field,org.apache.commons.validator.Field
validator,org.apache.commons.validator,Field,addVar,3,1,1,196,0,org.apache.commons.validator.Field,org.apache.commons.validator.Field
validator,org.apache.commons.validator,Field,clone,22,3,0,204,0,,
validator,org.apache.commons.validator,Field,determineArgPosition,25,7,1,236,0,,
validator,org.apache.commons.validator,Field,ensureArgsCapacity,7,2,1,277,0,,
validator,org.apache.commons.validator,Field,generateKey,8,2,0,293,0,org.apache.commons.validator.Field,org.apache.commons.validator.Field
validator,org.apache.commons.validator,Field,getArg,3,1,1,304,0,org.apache.commons.validator.Field,org.apache.commons.validator.Field
validator,org.apache.commons.validator,Field,getArg,10,3,2,314,0,,
validator,org.apache.commons.validator,Field,getArgs,7,2,1,340,0,,
validator,org.apache.commons.validator,Field,getDependencyList,3,1,0,357,0,,
validator,org.apache.commons.validator,Field,getDepends,3,1,0,366,0,,
validator,org.apache.commons.validator,Field,getFieldOrder,3,1,0,374,0,,
validator,org.apache.commons.validator,Field,getIndexedListProperty,3,1,0,382,0,,
validator,org.apache.commons.validator,Field,getIndexedProperty,3,1,0,394,0,,
validator,org.apache.commons.validator,Field,getIndexedProperty,16,3,1,404,0,org.apache.commons.validator.Field,org.apache.commons.validator.Field
validator,org.apache.commons.validator,Field,getIndexedPropertySize,19,4,1,433,0,org.apache.commons.validator.Field,org.apache.commons.validator.Field
validator,org.apache.commons.validator,Field,getKey,6,2,0,463,0,org.apache.commons.validator.Field,org.apache.commons.validator.Field
validator,org.apache.commons.validator,Field,getMessage,3,1,1,475,0,org.apache.commons.validator.Field,org.apache.commons.validator.Field
validator,org.apache.commons.validator,Field,getMessages,3,1,0,485,0,org.apache.commons.validator.Field,org.apache.commons.validator.Field
validator,org.apache.commons.validator,Field,getMsg,4,1,1,495,0,org.apache.commons.validator.Field,org.apache.commons.validator.Field
validator,org.apache.commons.validator,Field,getMsgMap,3,1,0,505,0,,
validator,org.apache.commons.validator,Field,getPage,3,1,0,515,0,,
validator,org.apache.commons.validator,Field,getProperty,3,1,0,524,0,,
validator,org.apache.commons.validator,Field,getVar,3,1,1,532,0,org.apache.commons.validator.Field,org.apache.commons.validator.Field
validator,org.apache.commons.validator,Field,getVarMap,3,1,0,541,0,,
validator,org.apache.commons.validator,Field,getVars,3,1,0,551,0,org.apache.commons.validator.Field,org.apache.commons.validator.Field
validator,org.apache.commons.validator,Field,getVarValue,8,2,1,560,0,org.apache.commons.validator.Field,org.apache.commons.validator.Field
validator,org.apache.commons.validator,Field,handleMissingAction,3,1,1,576,0,org.apache.commons.validator.Field,org.apache.commons.validator.Field
validator,org.apache.commons.validator,Field,isClientValidation,3,1,0,587,0,,
validator,org.apache.commons.validator,Field,isDependency,3,1,1,598,0,,
validator,org.apache.commons.validator,Field,isIndexed,3,1,0,607,0,,
validator,org.apache.commons.validator,Field,process,28,4,2,617,0,org.apache.commons.validator.Field,org.apache.commons.validator.Field
validator,org.apache.commons.validator,Field,processArg,12,5,2,665,0,,
validator,org.apache.commons.validator,Field,processMessageComponents,9,3,2,682,0,org.apache.commons.validator.Field,org.apache.commons.validator.Field
validator,org.apache.commons.validator,Field,processVars,6,2,2,697,0,org.apache.commons.validator.Field,org.apache.commons.validator.Field
validator,org.apache.commons.validator,Field,runDependentValidators,21,5,1,708,0,org.apache.commons.validator.Field,org.apache.commons.validator.Field
validator,org.apache.commons.validator,Field,setClientValidation,3,1,1,747,0,,
validator,org.apache.commons.validator,Field,setDepends,11,3,1,758,0,,
validator,org.apache.commons.validator,Field,setFieldOrder,3,1,1,777,0,,
validator,org.apache.commons.validator,Field,setIndexedListProperty,3,1,1,785,0,,
validator,org.apache.commons.validator,Field,setIndexedProperty,3,1,1,792,0,,
validator,org.apache.commons.validator,Field,setKey,3,1,1,800,0,,
validator,org.apache.commons.validator,Field,setPage,3,1,1,809,0,,
validator,org.apache.commons.validator,Field,setProperty,3,1,1,818,0,,
validator,org.apache.commons.validator,Field,toString,21,3,0,826,0,org.apache.commons.validator.Field,org.apache.commons.validator.Field
validator,org.apache.commons.validator,Field,validate,26,6,2,856,0,org.apache.commons.validator.Field,org.apache.commons.validator.Field
validator,org.apache.commons.validator,Field,validateForRule,9,2,5,904,0,org.apache.commons.validator.Field,org.apache.commons.validator.Field
validator,org.apache.commons.validator,Form,addField,4,1,1,75,0,org.apache.commons.validator.Form,org.apache.commons.validator.Form
validator,org.apache.commons.validator,Form,containsField,3,1,1,85,0,org.apache.commons.validator.Form,org.apache.commons.validator.Form
validator,org.apache.commons.validator,Form,getExtends,3,1,0,96,0,,
validator,org.apache.commons.validator,Form,getField,3,1,1,106,0,org.apache.commons.validator.Form,org.apache.commons.validator.Form
validator,org.apache.commons.validator,Form,getFieldMap,3,1,0,118,0,,
validator,org.apache.commons.validator,Form,getFields,3,1,0,129,0,,
validator,org.apache.commons.validator,Form,getName,3,1,0,139,0,,
validator,org.apache.commons.validator,Form,isExtending,3,1,0,148,0,,
validator,org.apache.commons.validator,Form,isProcessed,3,1,0,158,0,,
validator,org.apache.commons.validator,Form,merge,22,4,1,169,0,org.apache.commons.validator.Form,org.apache.commons.validator.Form
validator,org.apache.commons.validator,Form,process,8,2,3,203,0,org.apache.commons.validator.Form,org.apache.commons.validator.Form
validator,org.apache.commons.validator,Form,isAlreadyProcessed,3,1,0,222,0,org.apache.commons.validator.Form,org.apache.commons.validator.Form
validator,org.apache.commons.validator,Form,processParentForm,11,3,3,226,0,org.apache.commons.validator.Form,org.apache.commons.validator.Form
validator,org.apache.commons.validator,Form,ensureParentProcessed,5,2,4,240,0,org.apache.commons.validator.Form,org.apache.commons.validator.Form
validator,org.apache.commons.validator,Form,addParentFields,11,3,1,246,0,org.apache.commons.validator.Form,org.apache.commons.validator.Form
validator,org.apache.commons.validator,Form,processFields,7,2,3,258,0,,
validator,org.apache.commons.validator,Form,setExtends,3,1,1,268,0,,
validator,org.apache.commons.validator,Form,setName,3,1,1,278,0,,
validator,org.apache.commons.validator,Form,toString,12,2,0,287,0,,
validator,org.apache.commons.validator,Form,validate,3,1,3,309,0,org.apache.commons.validator.Form,org.apache.commons.validator.Form
validator,org.apache.commons.validator,Form,validate,23,6,4,327,0,org.apache.commons.validator.Form,org.apache.commons.validator.Form
validator,org.apache.commons.validator,FormSet,addConstant,8,2,2,95,0,org.apache.commons.validator.FormSet,org.apache.commons.validator.FormSet
validator,org.apache.commons.validator,FormSet,addForm,9,2,1,109,0,org.apache.commons.validator.FormSet,org.apache.commons.validator.FormSet
validator,org.apache.commons.validator,FormSet,displayKey,25,7,0,126,0,,
validator,org.apache.commons.validator,FormSet,getCountry,3,1,0,158,0,,
validator,org.apache.commons.validator,FormSet,getForm,3,1,1,167,0,,
validator,org.apache.commons.validator,FormSet,getForms,3,1,0,177,0,,
validator,org.apache.commons.validator,FormSet,getLanguage,3,1,0,187,0,,
validator,org.apache.commons.validator,FormSet,getLog,6,2,0,196,0,,
validator,org.apache.commons.validator,FormSet,getType,18,6,0,213,0,org.apache.commons.validator.FormSet,org.apache.commons.validator.FormSet
validator,org.apache.commons.validator,FormSet,getVariant,3,1,0,242,0,,
validator,org.apache.commons.validator,FormSet,isMerged,3,1,0,251,0,,
validator,org.apache.commons.validator,FormSet,isProcessed,3,1,0,261,0,,
validator,org.apache.commons.validator,FormSet,merge,17,4,1,271,0,org.apache.commons.validator.FormSet,org.apache.commons.validator.FormSet
validator,org.apache.commons.validator,FormSet,process,6,2,1,298,0,,
validator,org.apache.commons.validator,FormSet,setCountry,3,1,1,311,0,,
validator,org.apache.commons.validator,FormSet,setLanguage,3,1,1,320,0,,
validator,org.apache.commons.validator,FormSet,setVariant,3,1,1,329,0,,
validator,org.apache.commons.validator,FormSet,toString,16,2,0,338,0,org.apache.commons.validator.FormSet,org.apache.commons.validator.FormSet
validator,org.apache.commons.validator,FormSetFactory,createFormSet,18,4,4,34,0,org.apache.commons.validator.FormSetFactory,org.apache.commons.validator.FormSetFactory
validator,org.apache.commons.validator,FormSetFactory,createObject,7,1,1,76,0,org.apache.commons.validator.FormSetFactory,org.apache.commons.validator.FormSetFactory
validator,org.apache.commons.validator,FormSetFactory,getLog,6,2,0,97,0,,
validator,org.apache.commons.validator,GenericTypeValidator,formatByte,11,2,1,41,0,,
validator,org.apache.commons.validator,GenericTypeValidator,formatByte,19,4,2,60,0,,
validator,org.apache.commons.validator,GenericTypeValidator,formatCreditCard,3,1,1,93,0,,
validator,org.apache.commons.validator,GenericTypeValidator,formatDate,32,4,2,106,0,,
validator,org.apache.commons.validator,GenericTypeValidator,formatDate,20,4,3,166,0,,
validator,org.apache.commons.validator,GenericTypeValidator,formatDouble,11,2,1,212,0,,
validator,org.apache.commons.validator,GenericTypeValidator,formatDouble,18,4,2,231,0,,
validator,org.apache.commons.validator,GenericTypeValidator,formatFloat,11,2,1,263,0,,
validator,org.apache.commons.validator,GenericTypeValidator,formatFloat,18,4,2,282,0,,
validator,org.apache.commons.validator,GenericTypeValidator,formatInt,11,2,1,314,0,,
validator,org.apache.commons.validator,GenericTypeValidator,formatInt,19,4,2,333,0,,
validator,org.apache.commons.validator,GenericTypeValidator,formatLong,11,2,1,366,0,,
validator,org.apache.commons.validator,GenericTypeValidator,formatLong,19,4,2,385,0,,
validator,org.apache.commons.validator,GenericTypeValidator,formatShort,11,2,1,418,0,,
validator,org.apache.commons.validator,GenericTypeValidator,formatShort,19,4,2,437,0,,
validator,org.apache.commons.validator,GenericValidator,adjustForLineEnding,14,4,2,45,0,,
validator,org.apache.commons.validator,GenericValidator,isBlankOrNull,3,1,1,69,0,,
validator,org.apache.commons.validator,GenericValidator,isByte,3,1,1,81,0,,
validator,org.apache.commons.validator,GenericValidator,isCreditCard,3,1,1,91,0,,
validator,org.apache.commons.validator,GenericValidator,isDate,3,1,2,100,0,,
validator,org.apache.commons.validator,GenericValidator,isDate,3,1,3,114,0,,
validator,org.apache.commons.validator,GenericValidator,isDouble,3,1,1,131,0,,
validator,org.apache.commons.validator,GenericValidator,isEmail,3,1,1,141,0,,
validator,org.apache.commons.validator,GenericValidator,isFloat,3,1,1,151,0,,
validator,org.apache.commons.validator,GenericValidator,isInRange,3,1,3,161,0,,
validator,org.apache.commons.validator,GenericValidator,isInRange,3,1,3,174,0,,
validator,org.apache.commons.validator,GenericValidator,isInRange,3,1,3,187,0,,
validator,org.apache.commons.validator,GenericValidator,isInRange,3,1,3,200,0,,
validator,org.apache.commons.validator,GenericValidator,isInRange,3,1,3,213,0,,
validator,org.apache.commons.validator,GenericValidator,isInRange,3,1,3,226,0,,
validator,org.apache.commons.validator,GenericValidator,isInt,3,1,1,239,0,,
validator,org.apache.commons.validator,GenericValidator,isLong,3,1,1,249,0,,
validator,org.apache.commons.validator,GenericValidator,isShort,3,1,1,259,0,,
validator,org.apache.commons.validator,GenericValidator,isUrl,3,1,1,269,0,,
validator,org.apache.commons.validator,GenericValidator,matchRegexp,6,2,2,281,0,,
validator,org.apache.commons.validator,GenericValidator,maxLength,3,1,2,296,0,,
validator,org.apache.commons.validator,GenericValidator,maxLength,4,1,3,307,0,org.apache.commons.validator.GenericValidator,org.apache.commons.validator.GenericValidator
validator,org.apache.commons.validator,GenericValidator,maxValue,3,1,2,320,0,,
validator,org.apache.commons.validator,GenericValidator,maxValue,3,1,2,331,0,,
validator,org.apache.commons.validator,GenericValidator,maxValue,3,1,2,344,0,,
validator,org.apache.commons.validator,GenericValidator,maxValue,3,1,2,355,0,,
validator,org.apache.commons.validator,GenericValidator,minLength,3,1,2,366,0,,
validator,org.apache.commons.validator,GenericValidator,minLength,4,1,3,377,0,org.apache.commons.validator.GenericValidator,org.apache.commons.validator.GenericValidator
validator,org.apache.commons.validator,GenericValidator,minValue,3,1,2,390,0,,
validator,org.apache.commons.validator,GenericValidator,minValue,3,1,2,401,0,,
validator,org.apache.commons.validator,GenericValidator,minValue,3,1,2,412,0,,
validator,org.apache.commons.validator,GenericValidator,minValue,3,1,2,423,0,,
validator,org.apache.commons.validator,ISBNValidator,ISBNValidator,2,1,0,34,0,,
validator,org.apache.commons.validator,ISBNValidator,isValid,3,1,1,40,0,,
validator,org.apache.commons.validator,Msg,clone,8,1,0,57,0,,
validator,org.apache.commons.validator,Msg,getBundle,3,1,0,71,0,,
validator,org.apache.commons.validator,Msg,getKey,3,1,0,80,0,,
validator,org.apache.commons.validator,Msg,getName,3,1,0,88,0,,
validator,org.apache.commons.validator,Msg,isResource,3,1,0,96,0,,
validator,org.apache.commons.validator,Msg,setBundle,3,1,1,105,0,,
validator,org.apache.commons.validator,Msg,setKey,3,1,1,114,0,,
validator,org.apache.commons.validator,Msg,setName,3,1,1,122,0,,
validator,org.apache.commons.validator,Msg,setResource,3,1,1,130,0,,
validator,org.apache.commons.validator,Msg,toString,13,1,0,139,0,,
validator,org.apache.commons.validator,UrlValidator,UrlValidator,3,1,0,185,0,,
validator,org.apache.commons.validator,UrlValidator,UrlValidator,3,1,1,192,0,,
validator,org.apache.commons.validator,UrlValidator,UrlValidator,3,1,1,202,0,,
validator,org.apache.commons.validator,UrlValidator,UrlValidator,10,3,2,214,0,,
validator,org.apache.commons.validator,UrlValidator,countToken,12,3,2,235,0,,
validator,org.apache.commons.validator,UrlValidator,isValid,28,9,1,254,0,org.apache.commons.validator.UrlValidator,org.apache.commons.validator.UrlValidator
validator,org.apache.commons.validator,UrlValidator,isValidAuthority,61,15,1,298,0,,
validator,org.apache.commons.validator,UrlValidator,isValidFragment,6,2,1,390,0,,
validator,org.apache.commons.validator,UrlValidator,isValidPath,18,5,1,403,0,org.apache.commons.validator.UrlValidator,org.apache.commons.validator.UrlValidator
validator,org.apache.commons.validator,UrlValidator,isValidQuery,6,2,1,431,0,,
validator,org.apache.commons.validator,UrlValidator,isValidScheme,12,4,1,444,0,,
validator,org.apache.commons.validator,Validator,Validator,3,1,1,136,0,,
validator,org.apache.commons.validator,Validator,Validator,7,2,2,148,0,,
validator,org.apache.commons.validator,Validator,Validator,8,2,3,166,0,,
validator,org.apache.commons.validator,Validator,clear,6,1,0,187,0,,
validator,org.apache.commons.validator,Validator,getClassLoader,12,4,0,203,0,,
validator,org.apache.commons.validator,Validator,getFormName,3,1,0,229,0,,
validator,org.apache.commons.validator,Validator,getOnlyReturnErrors,3,1,0,237,0,,
validator,org.apache.commons.validator,Validator,getPage,3,1,0,245,0,,
validator,org.apache.commons.validator,Validator,getParameterValue,3,1,1,260,0,,
validator,org.apache.commons.validator,Validator,getUseContextClassLoader,3,1,0,272,0,,
validator,org.apache.commons.validator,Validator,setClassLoader,3,1,1,280,0,,
validator,org.apache.commons.validator,Validator,setFieldName,3,1,1,291,0,,
validator,org.apache.commons.validator,Validator,setFormName,3,1,1,301,0,,
validator,org.apache.commons.validator,Validator,setOnlyReturnErrors,3,1,1,309,0,,
validator,org.apache.commons.validator,Validator,setPage,3,1,1,319,0,,
validator,org.apache.commons.validator,Validator,setParameter,3,1,2,333,0,,
validator,org.apache.commons.validator,Validator,setUseContextClassLoader,3,1,1,346,0,,
validator,org.apache.commons.validator,Validator,validate,13,3,0,359,0,org.apache.commons.validator.Validator,org.apache.commons.validator.Validator
validator,org.apache.commons.validator,ValidatorAction,executeValidationMethod,48,8,4,137,0,org.apache.commons.validator.ValidatorAction,org.apache.commons.validator.ValidatorAction
validator,org.apache.commons.validator,ValidatorAction,formatJavaScriptFileName,7,2,0,211,0,,
validator,org.apache.commons.validator,ValidatorAction,generateJsFunction,7,1,0,224,0,,
validator,org.apache.commons.validator,ValidatorAction,getClassLoader,4,1,1,237,0,org.apache.commons.validator.ValidatorAction,org.apache.commons.validator.ValidatorAction
validator,org.apache.commons.validator,ValidatorAction,getClassname,3,1,0,245,0,,
validator,org.apache.commons.validator,ValidatorAction,getDependencyList,3,1,0,254,0,,
validator,org.apache.commons.validator,ValidatorAction,getDepends,3,1,0,263,0,,
validator,org.apache.commons.validator,ValidatorAction,getJavascript,3,1,0,272,0,,
validator,org.apache.commons.validator,ValidatorAction,getJsFunctionName,3,1,0,281,0,,
validator,org.apache.commons.validator,ValidatorAction,getLog,6,2,0,290,0,,
validator,org.apache.commons.validator,ValidatorAction,getMethod,3,1,0,304,0,,
validator,org.apache.commons.validator,ValidatorAction,getMethodParams,3,1,0,313,0,,
validator,org.apache.commons.validator,ValidatorAction,getMsg,3,1,0,322,0,,
validator,org.apache.commons.validator,ValidatorAction,getName,3,1,0,331,0,,
validator,org.apache.commons.validator,ValidatorAction,getParameterValues,8,2,1,340,0,,
validator,org.apache.commons.validator,ValidatorAction,getValidationClassInstance,15,3,0,359,0,,
validator,org.apache.commons.validator,ValidatorAction,getValidator,3,1,1,379,0,,
validator,org.apache.commons.validator,ValidatorAction,handleIndexedField,9,1,3,383,0,,
validator,org.apache.commons.validator,ValidatorAction,init,3,1,0,408,0,org.apache.commons.validator.ValidatorAction,org.apache.commons.validator.ValidatorAction
validator,org.apache.commons.validator,ValidatorAction,isDependency,3,1,1,415,0,,
validator,org.apache.commons.validator,ValidatorAction,isValid,7,2,1,425,0,,
validator,org.apache.commons.validator,ValidatorAction,javaScriptAlreadyLoaded,3,1,0,437,0,,
validator,org.apache.commons.validator,ValidatorAction,loadJavascriptFunction,19,6,0,444,0,org.apache.commons.validator.ValidatorAction,org.apache.commons.validator.ValidatorAction
validator,org.apache.commons.validator,ValidatorAction,loadParameterClasses,16,3,1,479,0,,
validator,org.apache.commons.validator,ValidatorAction,loadValidationClass,11,2,1,507,0,,
validator,org.apache.commons.validator,ValidatorAction,loadValidationMethod,11,2,0,526,0,,
validator,org.apache.commons.validator,ValidatorAction,onlyReturnErrors,4,1,1,544,0,org.apache.commons.validator.ValidatorAction,org.apache.commons.validator.ValidatorAction
validator,org.apache.commons.validator,ValidatorAction,openInputStream,10,3,2,552,0,,
validator,org.apache.commons.validator,ValidatorAction,readJavaScriptFile,23,4,1,572,0,org.apache.commons.validator.ValidatorAction,org.apache.commons.validator.ValidatorAction
validator,org.apache.commons.validator,ValidatorAction,setClassname,3,1,1,604,0,,
validator,org.apache.commons.validator,ValidatorAction,setClassName,3,1,1,615,0,,
validator,org.apache.commons.validator,ValidatorAction,setDepends,11,3,1,624,0,,
validator,org.apache.commons.validator,ValidatorAction,setJavascript,6,2,1,644,0,,
validator,org.apache.commons.validator,ValidatorAction,setJsFunction,6,2,1,657,0,,
validator,org.apache.commons.validator,ValidatorAction,setJsFunctionName,3,1,1,692,0,,
validator,org.apache.commons.validator,ValidatorAction,setMethod,3,1,1,701,0,,
validator,org.apache.commons.validator,ValidatorAction,setMethodParams,11,3,1,710,0,,
validator,org.apache.commons.validator,ValidatorAction,setMsg,3,1,1,730,0,,
validator,org.apache.commons.validator,ValidatorAction,setName,3,1,1,739,0,,
validator,org.apache.commons.validator,ValidatorAction,toString,6,1,0,748,0,,
validator,org.apache.commons.validator,ValidatorException,ValidatorException,2,1,0,28,0,,
validator,org.apache.commons.validator,ValidatorException,ValidatorException,3,1,1,34,0,,
validator,org.apache.commons.validator,ValidatorResources,ValidatorResources,2,1,0,122,0,,
validator,org.apache.commons.validator,ValidatorResources,ValidatorResources,3,1,1,128,0,,
validator,org.apache.commons.validator,ValidatorResources,ValidatorResources,11,3,1,142,0,org.apache.commons.validator.ValidatorResources,org.apache.commons.validator.ValidatorResources
validator,org.apache.commons.validator,ValidatorResources,ValidatorResources,3,1,1,168,0,,
validator,org.apache.commons.validator,ValidatorResources,ValidatorResources,8,2,1,181,0,org.apache.commons.validator.ValidatorResources,org.apache.commons.validator.ValidatorResources
validator,org.apache.commons.validator,ValidatorResources,ValidatorResources,3,1,1,203,0,,
validator,org.apache.commons.validator,ValidatorResources,ValidatorResources,8,2,1,218,0,org.apache.commons.validator.ValidatorResources,org.apache.commons.validator.ValidatorResources
validator,org.apache.commons.validator,ValidatorResources,addConstant,6,2,2,240,0,org.apache.commons.validator.ValidatorResources,org.apache.commons.validator.ValidatorResources
validator,org.apache.commons.validator,ValidatorResources,addFormSet,21,6,1,253,0,org.apache.commons.validator.ValidatorResources,org.apache.commons.validator.ValidatorResources
validator,org.apache.commons.validator,ValidatorResources,addOldArgRules,25,2,1,282,0,org.apache.commons.validator.ValidatorResources,org.apache.commons.validator.ValidatorResources
validator,org.apache.commons.validator,ValidatorResources,begin,16,2,3,291,0,org.apache.commons.validator.ValidatorResources,org.apache.commons.validator.ValidatorResources
validator,org.apache.commons.validator,ValidatorResources,addValidatorAction,7,2,1,320,0,org.apache.commons.validator.ValidatorResources,org.apache.commons.validator.ValidatorResources
validator,org.apache.commons.validator,ValidatorResources,buildKey,3,1,1,337,0,org.apache.commons.validator.ValidatorResources,org.apache.commons.validator.ValidatorResources
validator,org.apache.commons.validator,ValidatorResources,buildLocale,6,1,3,348,0,,
validator,org.apache.commons.validator,ValidatorResources,getActions,3,1,0,358,0,,
validator,org.apache.commons.validator,ValidatorResources,getConstants,3,1,0,368,0,,
validator,org.apache.commons.validator,ValidatorResources,getForm,3,1,2,378,0,org.apache.commons.validator.ValidatorResources,org.apache.commons.validator.ValidatorResources
validator,org.apache.commons.validator,ValidatorResources,getForm,42,13,4,398,0,org.apache.commons.validator.ValidatorResources,org.apache.commons.validator.ValidatorResources
validator,org.apache.commons.validator,ValidatorResources,getFormSet,7,2,3,469,0,org.apache.commons.validator.ValidatorResources,org.apache.commons.validator.ValidatorResources
validator,org.apache.commons.validator,ValidatorResources,getFormSets,3,1,0,486,0,,
validator,org.apache.commons.validator,ValidatorResources,getLog,6,2,0,496,0,,
validator,org.apache.commons.validator,ValidatorResources,getParent,22,7,1,513,0,org.apache.commons.validator.ValidatorResources,org.apache.commons.validator.ValidatorResources
validator,org.apache.commons.validator,ValidatorResources,getValidatorAction,3,1,1,545,0,org.apache.commons.validator.ValidatorResources,org.apache.commons.validator.ValidatorResources
validator,org.apache.commons.validator,ValidatorResources,getValidatorActions,3,1,0,554,0,org.apache.commons.validator.ValidatorResources,org.apache.commons.validator.ValidatorResources
validator,org.apache.commons.validator,ValidatorResources,initDigester,21,5,0,562,0,org.apache.commons.validator.ValidatorResources,org.apache.commons.validator.ValidatorResources
validator,org.apache.commons.validator,ValidatorResources,process,6,1,0,592,0,org.apache.commons.validator.ValidatorResources,org.apache.commons.validator.ValidatorResources
validator,org.apache.commons.validator,ValidatorResources,processForms,15,5,0,608,0,org.apache.commons.validator.ValidatorResources,org.apache.commons.validator.ValidatorResources
validator,org.apache.commons.validator,ValidatorResult,ValidatorResult,3,1,1,120,0,,
validator,org.apache.commons.validator,ValidatorResult,add,3,1,2,129,0,org.apache.commons.validator.ValidatorResult,org.apache.commons.validator.ValidatorResult
validator,org.apache.commons.validator,ValidatorResult,add,3,1,3,138,0,,
validator,org.apache.commons.validator,ValidatorResult,containsAction,3,1,1,148,0,,
validator,org.apache.commons.validator,ValidatorResult,getActionMap,3,1,0,157,0,,
validator,org.apache.commons.validator,ValidatorResult,getActions,3,1,0,169,0,,
validator,org.apache.commons.validator,ValidatorResult,getField,3,1,0,177,0,,
validator,org.apache.commons.validator,ValidatorResult,getResult,4,1,1,185,0,,
validator,org.apache.commons.validator,ValidatorResult,isValid,4,1,1,195,0,,
validator,org.apache.commons.validator,ValidatorResults,add,3,1,3,40,0,org.apache.commons.validator.ValidatorResults,org.apache.commons.validator.ValidatorResults
validator,org.apache.commons.validator,ValidatorResults,add,8,2,4,51,0,org.apache.commons.validator.ValidatorResults,org.apache.commons.validator.ValidatorResults
validator,org.apache.commons.validator,ValidatorResults,clear,3,1,0,75,0,,
validator,org.apache.commons.validator,ValidatorResults,getPropertyNames,3,1,0,82,0,,
validator,org.apache.commons.validator,ValidatorResults,getResultValueMap,14,4,0,91,0,org.apache.commons.validator.ValidatorResults,org.apache.commons.validator.ValidatorResults
validator,org.apache.commons.validator,ValidatorResults,getValidatorResult,3,1,1,116,0,,
validator,org.apache.commons.validator,ValidatorResults,isEmpty,3,1,0,130,0,,
validator,org.apache.commons.validator,ValidatorResults,merge,3,1,1,140,0,,
validator,org.apache.commons.validator,Var,Var,2,1,0,73,0,,
validator,org.apache.commons.validator,Var,Var,5,1,3,79,0,,
validator,org.apache.commons.validator,Var,clone,8,1,0,92,0,,
validator,org.apache.commons.validator,Var,getBundle,3,1,0,106,0,,
validator,org.apache.commons.validator,Var,getJsType,3,1,0,115,0,,
validator,org.apache.commons.validator,Var,getName,3,1,0,123,0,,
validator,org.apache.commons.validator,Var,getValue,3,1,0,131,0,,
validator,org.apache.commons.validator,Var,isResource,3,1,0,139,0,,
validator,org.apache.commons.validator,Var,setBundle,3,1,1,148,0,,
validator,org.apache.commons.validator,Var,setJsType,3,1,1,157,0,,
validator,org.apache.commons.validator,Var,setName,3,1,1,165,0,,
validator,org.apache.commons.validator,Var,setResource,3,1,1,173,0,,
validator,org.apache.commons.validator,Var,setValue,3,1,1,182,0,,
validator,org.apache.commons.validator,Var,toString,17,2,0,190,0,,
validator,org.apache.commons.validator.routines,AbstractCalendarValidator,AbstractCalendarValidator,5,1,3,51,0,,
validator,org.apache.commons.validator.routines,AbstractCalendarValidator,calculateCompareResult,10,3,3,66,0,,
validator,org.apache.commons.validator.routines,AbstractCalendarValidator,calculateQuarter,10,2,2,88,0,,
validator,org.apache.commons.validator.routines,AbstractCalendarValidator,compare,25,7,3,111,0,org.apache.commons.validator.routines.AbstractCalendarValidator,org.apache.commons.validator.routines.AbstractCalendarValidator
validator,org.apache.commons.validator.routines,AbstractCalendarValidator,compareQuarters,11,3,3,167,0,org.apache.commons.validator.routines.AbstractCalendarValidator,org.apache.commons.validator.routines.AbstractCalendarValidator
validator,org.apache.commons.validator.routines,AbstractCalendarValidator,compareTime,19,5,3,189,0,org.apache.commons.validator.routines.AbstractCalendarValidator,org.apache.commons.validator.routines.AbstractCalendarValidator
validator,org.apache.commons.validator.routines,AbstractCalendarValidator,format,9,3,2,232,0,,
validator,org.apache.commons.validator.routines,AbstractCalendarValidator,format,3,1,3,250,0,org.apache.commons.validator.routines.AbstractCalendarValidator,org.apache.commons.validator.routines.AbstractCalendarValidator
validator,org.apache.commons.validator.routines,AbstractCalendarValidator,format,3,1,3,264,0,org.apache.commons.validator.routines.AbstractCalendarValidator,org.apache.commons.validator.routines.AbstractCalendarValidator
validator,org.apache.commons.validator.routines,AbstractCalendarValidator,format,10,3,4,278,0,org.apache.commons.validator.routines.AbstractCalendarValidator,org.apache.commons.validator.routines.AbstractCalendarValidator
validator,org.apache.commons.validator.routines,AbstractCalendarValidator,format,3,1,3,299,0,org.apache.commons.validator.routines.AbstractCalendarValidator,org.apache.commons.validator.routines.AbstractCalendarValidator
validator,org.apache.commons.validator.routines,AbstractCalendarValidator,format,3,1,2,313,0,org.apache.commons.validator.routines.AbstractCalendarValidator,org.apache.commons.validator.routines.AbstractCalendarValidator
validator,org.apache.commons.validator.routines,AbstractCalendarValidator,getFormat,30,6,1,326,0,,
validator,org.apache.commons.validator.routines,AbstractCalendarValidator,getFormat,16,3,2,360,0,org.apache.commons.validator.routines.AbstractCalendarValidator,org.apache.commons.validator.routines.AbstractCalendarValidator
validator,org.apache.commons.validator.routines,AbstractCalendarValidator,isValid,3,1,3,385,0,org.apache.commons.validator.routines.AbstractCalendarValidator,org.apache.commons.validator.routines.AbstractCalendarValidator
validator,org.apache.commons.validator.routines,AbstractCalendarValidator,parse,12,3,4,398,0,org.apache.commons.validator.routines.AbstractCalendarValidator,org.apache.commons.validator.routines.AbstractCalendarValidator
validator,org.apache.commons.validator.routines,AbstractCalendarValidator,processParsedValue,0,1,2,422,0,,
validator,org.apache.commons.validator.routines,AbstractFormatValidator,AbstractFormatValidator,3,1,1,41,0,,
validator,org.apache.commons.validator.routines,AbstractFormatValidator,format,3,1,1,51,0,org.apache.commons.validator.routines.AbstractFormatValidator,org.apache.commons.validator.routines.AbstractFormatValidator
validator,org.apache.commons.validator.routines,AbstractFormatValidator,format,3,1,2,62,0,,
validator,org.apache.commons.validator.routines,AbstractFormatValidator,format,3,1,2,73,0,org.apache.commons.validator.routines.AbstractFormatValidator,org.apache.commons.validator.routines.AbstractFormatValidator
validator,org.apache.commons.validator.routines,AbstractFormatValidator,format,3,1,2,85,0,org.apache.commons.validator.routines.AbstractFormatValidator,org.apache.commons.validator.routines.AbstractFormatValidator
validator,org.apache.commons.validator.routines,AbstractFormatValidator,format,4,1,3,97,0,org.apache.commons.validator.routines.AbstractFormatValidator,org.apache.commons.validator.routines.AbstractFormatValidator
validator,org.apache.commons.validator.routines,AbstractFormatValidator,getFormat,0,1,2,111,0,,
validator,org.apache.commons.validator.routines,AbstractFormatValidator,isStrict,3,1,0,122,0,,
validator,org.apache.commons.validator.routines,AbstractFormatValidator,isValid,3,1,1,143,0,org.apache.commons.validator.routines.AbstractFormatValidator,org.apache.commons.validator.routines.AbstractFormatValidator
validator,org.apache.commons.validator.routines,AbstractFormatValidator,isValid,3,1,2,153,0,org.apache.commons.validator.routines.AbstractFormatValidator,org.apache.commons.validator.routines.AbstractFormatValidator
validator,org.apache.commons.validator.routines,AbstractFormatValidator,isValid,3,1,2,164,0,org.apache.commons.validator.routines.AbstractFormatValidator,org.apache.commons.validator.routines.AbstractFormatValidator
validator,org.apache.commons.validator.routines,AbstractFormatValidator,isValid,0,1,3,175,0,,
validator,org.apache.commons.validator.routines,AbstractFormatValidator,parse,14,4,2,185,0,org.apache.commons.validator.routines.AbstractFormatValidator,org.apache.commons.validator.routines.AbstractFormatValidator
validator,org.apache.commons.validator.routines,AbstractFormatValidator,processParsedValue,0,1,2,208,0,,
validator,org.apache.commons.validator.routines,AbstractNumberValidator,AbstractNumberValidator,5,1,3,58,0,,
validator,org.apache.commons.validator.routines,AbstractNumberValidator,determineScale,27,8,1,75,0,org.apache.commons.validator.routines.AbstractNumberValidator,org.apache.commons.validator.routines.AbstractNumberValidator
validator,org.apache.commons.validator.routines,AbstractNumberValidator,getFormat,0,7,1,108,0,org.apache.commons.validator.routines.AbstractNumberValidator,org.apache.commons.validator.routines.AbstractNumberValidator
validator,org.apache.commons.validator.routines,AbstractNumberValidator,getFormat,18,4,2,146,0,org.apache.commons.validator.routines.AbstractNumberValidator,org.apache.commons.validator.routines.AbstractNumberValidator
validator,org.apache.commons.validator.routines,AbstractNumberValidator,getFormatType,3,1,0,175,0,,
validator,org.apache.commons.validator.routines,AbstractNumberValidator,isAllowFractions,3,1,0,185,0,,
validator,org.apache.commons.validator.routines,AbstractNumberValidator,isInRange,3,1,3,196,0,org.apache.commons.validator.routines.AbstractNumberValidator,org.apache.commons.validator.routines.AbstractNumberValidator
validator,org.apache.commons.validator.routines,AbstractNumberValidator,isValid,3,1,3,209,0,org.apache.commons.validator.routines.AbstractNumberValidator,org.apache.commons.validator.routines.AbstractNumberValidator
validator,org.apache.commons.validator.routines,AbstractNumberValidator,maxValue,6,2,2,223,0,org.apache.commons.validator.routines.AbstractNumberValidator,org.apache.commons.validator.routines.AbstractNumberValidator
validator,org.apache.commons.validator.routines,AbstractNumberValidator,minValue,6,2,2,238,0,org.apache.commons.validator.routines.AbstractNumberValidator,org.apache.commons.validator.routines.AbstractNumberValidator
validator,org.apache.commons.validator.routines,AbstractNumberValidator,parse,9,2,3,253,0,org.apache.commons.validator.routines.AbstractNumberValidator,org.apache.commons.validator.routines.AbstractNumberValidator
validator,org.apache.commons.validator.routines,AbstractNumberValidator,processParsedValue,0,1,2,273,0,,
validator,org.apache.commons.validator.routines,BigDecimalValidator,getInstance,3,1,0,74,0,,
validator,org.apache.commons.validator.routines,BigDecimalValidator,BigDecimalValidator,3,1,0,82,0,,
validator,org.apache.commons.validator.routines,BigDecimalValidator,BigDecimalValidator,3,1,1,89,0,,
validator,org.apache.commons.validator.routines,BigDecimalValidator,BigDecimalValidator,3,1,3,99,0,,
validator,org.apache.commons.validator.routines,BigDecimalValidator,isInRange,3,1,3,127,0,,
validator,org.apache.commons.validator.routines,BigDecimalValidator,maxValue,3,1,2,140,0,,
validator,org.apache.commons.validator.routines,BigDecimalValidator,minValue,3,1,2,152,0,,
validator,org.apache.commons.validator.routines,BigDecimalValidator,processParsedValue,14,3,2,164,0,,
validator,org.apache.commons.validator.routines,BigDecimalValidator,validate,3,1,1,189,0,,
validator,org.apache.commons.validator.routines,BigDecimalValidator,validate,3,1,2,201,0,,
validator,org.apache.commons.validator.routines,BigDecimalValidator,validate,3,1,2,213,0,,
validator,org.apache.commons.validator.routines,BigDecimalValidator,validate,3,1,3,226,0,,
validator,org.apache.commons.validator.routines,BigIntegerValidator,getInstance,3,1,0,71,0,,
validator,org.apache.commons.validator.routines,BigIntegerValidator,BigIntegerValidator,3,1,0,79,0,,
validator,org.apache.commons.validator.routines,BigIntegerValidator,BigIntegerValidator,3,1,2,86,0,,
validator,org.apache.commons.validator.routines,BigIntegerValidator,isInRange,3,1,3,111,0,,
validator,org.apache.commons.validator.routines,BigIntegerValidator,maxValue,3,1,2,124,0,,
validator,org.apache.commons.validator.routines,BigIntegerValidator,minValue,3,1,2,136,0,,
validator,org.apache.commons.validator.routines,BigIntegerValidator,processParsedValue,3,1,2,148,0,,
validator,org.apache.commons.validator.routines,BigIntegerValidator,validate,3,1,1,161,0,,
validator,org.apache.commons.validator.routines,BigIntegerValidator,validate,3,1,2,173,0,,
validator,org.apache.commons.validator.routines,BigIntegerValidator,validate,3,1,2,185,0,,
validator,org.apache.commons.validator.routines,BigIntegerValidator,validate,3,1,3,197,0,,
validator,org.apache.commons.validator.routines,ByteValidator,getInstance,3,1,0,70,0,,
validator,org.apache.commons.validator.routines,ByteValidator,ByteValidator,3,1,0,78,0,,
validator,org.apache.commons.validator.routines,ByteValidator,ByteValidator,3,1,2,85,0,,
validator,org.apache.commons.validator.routines,ByteValidator,isInRange,3,1,3,110,0,,
validator,org.apache.commons.validator.routines,ByteValidator,isInRange,3,1,3,123,0,org.apache.commons.validator.routines.ByteValidator,org.apache.commons.validator.routines.ByteValidator
validator,org.apache.commons.validator.routines,ByteValidator,maxValue,3,1,2,136,0,,
validator,org.apache.commons.validator.routines,ByteValidator,maxValue,3,1,2,148,0,org.apache.commons.validator.routines.ByteValidator,org.apache.commons.validator.routines.ByteValidator
validator,org.apache.commons.validator.routines,ByteValidator,minValue,3,1,2,160,0,,
validator,org.apache.commons.validator.routines,ByteValidator,minValue,3,1,2,172,0,org.apache.commons.validator.routines.ByteValidator,org.apache.commons.validator.routines.ByteValidator
validator,org.apache.commons.validator.routines,ByteValidator,processParsedValue,9,3,2,184,0,,
validator,org.apache.commons.validator.routines,ByteValidator,validate,3,1,1,207,0,,
validator,org.apache.commons.validator.routines,ByteValidator,validate,3,1,2,219,0,,
validator,org.apache.commons.validator.routines,ByteValidator,validate,3,1,2,231,0,,
validator,org.apache.commons.validator.routines,ByteValidator,validate,3,1,3,243,0,,
validator,org.apache.commons.validator.routines,CalendarValidator,adjustToTimeZone,14,2,2,93,0,,
validator,org.apache.commons.validator.routines,CalendarValidator,getInstance,3,1,0,113,0,,
validator,org.apache.commons.validator.routines,CalendarValidator,CalendarValidator,3,1,0,121,0,,
validator,org.apache.commons.validator.routines,CalendarValidator,CalendarValidator,3,1,2,129,0,,
validator,org.apache.commons.validator.routines,CalendarValidator,compareDates,3,1,2,141,0,,
validator,org.apache.commons.validator.routines,CalendarValidator,compareMonths,3,1,2,154,0,,
validator,org.apache.commons.validator.routines,CalendarValidator,compareQuarters,3,1,2,167,0,org.apache.commons.validator.routines.CalendarValidator,org.apache.commons.validator.routines.CalendarValidator
validator,org.apache.commons.validator.routines,CalendarValidator,compareQuarters,3,1,3,180,0,,
validator,org.apache.commons.validator.routines,CalendarValidator,compareWeeks,3,1,2,195,0,,
validator,org.apache.commons.validator.routines,CalendarValidator,compareYears,3,1,2,208,0,,
validator,org.apache.commons.validator.routines,CalendarValidator,processParsedValue,3,1,2,221,0,,
validator,org.apache.commons.validator.routines,CalendarValidator,validate,3,1,1,233,0,,
validator,org.apache.commons.validator.routines,CalendarValidator,validate,3,1,2,245,0,,
validator,org.apache.commons.validator.routines,CalendarValidator,validate,3,1,3,257,0,,
validator,org.apache.commons.validator.routines,CalendarValidator,validate,3,1,2,270,0,,
validator,org.apache.commons.validator.routines,CalendarValidator,validate,3,1,3,282,0,,
validator,org.apache.commons.validator.routines,CalendarValidator,validate,3,1,4,296,0,,
validator,org.apache.commons.validator.routines,CalendarValidator,validate,3,1,3,311,0,,
validator,org.apache.commons.validator.routines,CalendarValidator,validate,3,1,2,324,0,,
validator,org.apache.commons.validator.routines,CodeValidator,CodeValidator,3,1,2,86,0,,
validator,org.apache.commons.validator.routines,CodeValidator,CodeValidator,3,1,3,97,0,,
validator,org.apache.commons.validator.routines,CodeValidator,CodeValidator,6,1,4,110,0,,
validator,org.apache.commons.validator.routines,CodeValidator,CodeValidator,3,1,2,127,0,,
validator,org.apache.commons.validator.routines,CodeValidator,CodeValidator,3,1,3,139,0,,
validator,org.apache.commons.validator.routines,CodeValidator,CodeValidator,11,2,4,153,0,,
validator,org.apache.commons.validator.routines,CodeValidator,getCheckDigit,3,1,0,175,0,,
validator,org.apache.commons.validator.routines,CodeValidator,getMaxLength,3,1,0,187,0,,
validator,org.apache.commons.validator.routines,CodeValidator,getMinLength,3,1,0,200,0,,
validator,org.apache.commons.validator.routines,CodeValidator,getRegexValidator,3,1,0,213,0,,
validator,org.apache.commons.validator.routines,CodeValidator,isValid,3,1,1,225,0,org.apache.commons.validator.routines.CodeValidator,org.apache.commons.validator.routines.CodeValidator
validator,org.apache.commons.validator.routines,CodeValidator,validate,22,7,1,244,0,,
validator,org.apache.commons.validator.routines,CreditCardValidator,createRangeValidator,31,7,2,290,0,org.apache.commons.validator.routines.CreditCardValidator,org.apache.commons.validator.routines.CreditCardValidator
validator,org.apache.commons.validator.routines,CreditCardValidator,isValid,3,1,1,297,0,,
validator,org.apache.commons.validator.routines,CreditCardValidator,match,3,1,1,302,0,,
validator,org.apache.commons.validator.routines,CreditCardValidator,validate,18,7,1,307,0,org.apache.commons.validator.routines.CreditCardValidator,org.apache.commons.validator.routines.CreditCardValidator
validator,org.apache.commons.validator.routines,CreditCardValidator,genericCreditCardValidator,3,1,0,332,0,org.apache.commons.validator.routines.CreditCardValidator,org.apache.commons.validator.routines.CreditCardValidator
validator,org.apache.commons.validator.routines,CreditCardValidator,genericCreditCardValidator,3,1,1,343,0,org.apache.commons.validator.routines.CreditCardValidator,org.apache.commons.validator.routines.CreditCardValidator
validator,org.apache.commons.validator.routines,CreditCardValidator,genericCreditCardValidator,3,1,2,355,0,,
validator,org.apache.commons.validator.routines,CreditCardValidator,validLength,11,4,2,369,0,,
validator,org.apache.commons.validator.routines,CreditCardValidator,CreditCardValidator,3,1,0,386,0,,
validator,org.apache.commons.validator.routines,CreditCardValidator,CreditCardValidator,6,2,1,395,0,,
validator,org.apache.commons.validator.routines,CreditCardValidator,CreditCardValidator,10,3,2,406,0,org.apache.commons.validator.routines.CreditCardValidator,org.apache.commons.validator.routines.CreditCardValidator
validator,org.apache.commons.validator.routines,CreditCardValidator,CreditCardValidator,6,2,1,427,0,org.apache.commons.validator.routines.CreditCardValidator,org.apache.commons.validator.routines.CreditCardValidator
validator,org.apache.commons.validator.routines,CreditCardValidator,CreditCardValidator,23,8,1,439,0,org.apache.commons.validator.routines.CreditCardValidator,org.apache.commons.validator.routines.CreditCardValidator
validator,org.apache.commons.validator.routines,CreditCardValidator,isOn,3,1,2,475,0,,
validator,org.apache.commons.validator.routines,CreditCardValidator,isValid,11,4,1,488,0,,
validator,org.apache.commons.validator.routines,CreditCardValidator,validate,13,4,1,505,0,,
validator,org.apache.commons.validator.routines,CurrencyValidator,getInstance,3,1,0,53,0,,
validator,org.apache.commons.validator.routines,CurrencyValidator,CurrencyValidator,3,1,0,61,0,,
validator,org.apache.commons.validator.routines,CurrencyValidator,CurrencyValidator,3,1,2,68,0,,
validator,org.apache.commons.validator.routines,CurrencyValidator,parse,19,5,2,80,0,,
validator,org.apache.commons.validator.routines,DateValidator,getInstance,3,1,0,90,0,,
validator,org.apache.commons.validator.routines,DateValidator,DateValidator,3,1,0,98,0,,
validator,org.apache.commons.validator.routines,DateValidator,DateValidator,3,1,2,106,0,,
validator,org.apache.commons.validator.routines,DateValidator,compareDates,5,1,3,118,0,org.apache.commons.validator.routines.DateValidator,org.apache.commons.validator.routines.DateValidator
validator,org.apache.commons.validator.routines,DateValidator,compareMonths,5,1,3,134,0,org.apache.commons.validator.routines.DateValidator,org.apache.commons.validator.routines.DateValidator
validator,org.apache.commons.validator.routines,DateValidator,compareQuarters,3,1,3,150,0,org.apache.commons.validator.routines.DateValidator,org.apache.commons.validator.routines.DateValidator
validator,org.apache.commons.validator.routines,DateValidator,compareQuarters,5,1,4,164,0,org.apache.commons.validator.routines.DateValidator,org.apache.commons.validator.routines.DateValidator
validator,org.apache.commons.validator.routines,DateValidator,compareWeeks,5,1,3,181,0,org.apache.commons.validator.routines.DateValidator,org.apache.commons.validator.routines.DateValidator
validator,org.apache.commons.validator.routines,DateValidator,compareYears,5,1,3,197,0,org.apache.commons.validator.routines.DateValidator,org.apache.commons.validator.routines.DateValidator
validator,org.apache.commons.validator.routines,DateValidator,getCalendar,11,2,2,213,0,,
validator,org.apache.commons.validator.routines,DateValidator,processParsedValue,3,1,2,231,0,,
validator,org.apache.commons.validator.routines,DateValidator,validate,3,1,1,243,0,,
validator,org.apache.commons.validator.routines,DateValidator,validate,3,1,2,255,0,,
validator,org.apache.commons.validator.routines,DateValidator,validate,3,1,3,267,0,,
validator,org.apache.commons.validator.routines,DateValidator,validate,3,1,2,280,0,,
validator,org.apache.commons.validator.routines,DateValidator,validate,3,1,3,293,0,,
validator,org.apache.commons.validator.routines,DateValidator,validate,3,1,4,307,0,,
validator,org.apache.commons.validator.routines,DateValidator,validate,3,1,3,322,0,,
validator,org.apache.commons.validator.routines,DateValidator,validate,3,1,2,336,0,,
validator,org.apache.commons.validator.routines,DomainValidator,arrayContains,3,1,2,1803,0,,
validator,org.apache.commons.validator.routines,DomainValidator,getInstance,4,1,0,1814,0,,
validator,org.apache.commons.validator.routines,DomainValidator,getInstance,7,2,1,1824,0,,
validator,org.apache.commons.validator.routines,DomainValidator,getInstance,4,1,2,1838,0,,
validator,org.apache.commons.validator.routines,DomainValidator,getTLDEntries,0,11,1,1857,0,,
validator,org.apache.commons.validator.routines,DomainValidator,isOnlyASCII,11,4,1,1907,0,,
validator,org.apache.commons.validator.routines,DomainValidator,unicodeToASCII,0,8,1,1919,0,org.apache.commons.validator.routines.DomainValidator,org.apache.commons.validator.routines.DomainValidator
validator,org.apache.commons.validator.routines,DomainValidator,updateTLDOverride,0,13,2,1964,0,,
validator,org.apache.commons.validator.routines,DomainValidator,DomainValidator,9,1,1,2083,0,,
validator,org.apache.commons.validator.routines,DomainValidator,DomainValidator,0,9,2,2097,0,,
validator,org.apache.commons.validator.routines,DomainValidator,chompLeadingDot,6,2,1,2159,0,,
validator,org.apache.commons.validator.routines,DomainValidator,getOverrides,0,7,1,2166,0,,
validator,org.apache.commons.validator.routines,DomainValidator,isAllowLocal,3,1,0,2200,0,,
validator,org.apache.commons.validator.routines,DomainValidator,isValid,14,4,1,2210,0,org.apache.commons.validator.routines.DomainValidator,org.apache.commons.validator.routines.DomainValidator
validator,org.apache.commons.validator.routines,DomainValidator,isValidCountryCodeTld,4,1,1,2236,0,org.apache.commons.validator.routines.DomainValidator,org.apache.commons.validator.routines.DomainValidator
validator,org.apache.commons.validator.routines,DomainValidator,isValidDomainSyntax,11,3,1,2250,0,org.apache.commons.validator.routines.DomainValidator,org.apache.commons.validator.routines.DomainValidator
validator,org.apache.commons.validator.routines,DomainValidator,isValidGenericTld,4,1,1,2265,0,org.apache.commons.validator.routines.DomainValidator,org.apache.commons.validator.routines.DomainValidator
validator,org.apache.commons.validator.routines,DomainValidator,isValidInfrastructureTld,4,1,1,2277,0,org.apache.commons.validator.routines.DomainValidator,org.apache.commons.validator.routines.DomainValidator
validator,org.apache.commons.validator.routines,DomainValidator,isValidLocalTld,4,1,1,2289,0,org.apache.commons.validator.routines.DomainValidator,org.apache.commons.validator.routines.DomainValidator
validator,org.apache.commons.validator.routines,DomainValidator,isValidTld,6,2,1,2302,0,org.apache.commons.validator.routines.DomainValidator,org.apache.commons.validator.routines.DomainValidator
validator,org.apache.commons.validator.routines,DoubleValidator,getInstance,3,1,0,70,0,,
validator,org.apache.commons.validator.routines,DoubleValidator,DoubleValidator,3,1,0,78,0,,
validator,org.apache.commons.validator.routines,DoubleValidator,DoubleValidator,3,1,2,85,0,,
validator,org.apache.commons.validator.routines,DoubleValidator,isInRange,3,1,3,110,0,,
validator,org.apache.commons.validator.routines,DoubleValidator,isInRange,3,1,3,123,0,org.apache.commons.validator.routines.DoubleValidator,org.apache.commons.validator.routines.DoubleValidator
validator,org.apache.commons.validator.routines,DoubleValidator,maxValue,3,1,2,136,0,,
validator,org.apache.commons.validator.routines,DoubleValidator,maxValue,3,1,2,148,0,org.apache.commons.validator.routines.DoubleValidator,org.apache.commons.validator.routines.DoubleValidator
validator,org.apache.commons.validator.routines,DoubleValidator,minValue,3,1,2,160,0,,
validator,org.apache.commons.validator.routines,DoubleValidator,minValue,3,1,2,172,0,org.apache.commons.validator.routines.DoubleValidator,org.apache.commons.validator.routines.DoubleValidator
validator,org.apache.commons.validator.routines,DoubleValidator,processParsedValue,6,2,2,184,0,,
validator,org.apache.commons.validator.routines,DoubleValidator,validate,3,1,1,201,0,,
validator,org.apache.commons.validator.routines,DoubleValidator,validate,3,1,2,213,0,,
validator,org.apache.commons.validator.routines,DoubleValidator,validate,3,1,2,225,0,,
validator,org.apache.commons.validator.routines,DoubleValidator,validate,3,1,3,237,0,,
validator,org.apache.commons.validator.routines,EmailValidator,getInstance,3,1,0,78,0,,
validator,org.apache.commons.validator.routines,EmailValidator,getInstance,3,1,1,87,0,org.apache.commons.validator.routines.EmailValidator,org.apache.commons.validator.routines.EmailValidator
validator,org.apache.commons.validator.routines,EmailValidator,getInstance,12,4,2,98,0,,
validator,org.apache.commons.validator.routines,EmailValidator,EmailValidator,3,1,1,123,0,,
validator,org.apache.commons.validator.routines,EmailValidator,EmailValidator,4,1,2,132,0,,
validator,org.apache.commons.validator.routines,EmailValidator,EmailValidator,10,3,3,143,0,,
validator,org.apache.commons.validator.routines,EmailValidator,isValid,19,6,1,163,0,org.apache.commons.validator.routines.EmailValidator,org.apache.commons.validator.routines.EmailValidator
validator,org.apache.commons.validator.routines,EmailValidator,isValidDomain,11,3,1,191,0,,
validator,org.apache.commons.validator.routines,EmailValidator,isValidUser,6,2,1,213,0,,
validator,org.apache.commons.validator.routines,FloatValidator,getInstance,3,1,0,70,0,,
validator,org.apache.commons.validator.routines,FloatValidator,FloatValidator,3,1,0,78,0,,
validator,org.apache.commons.validator.routines,FloatValidator,FloatValidator,3,1,2,85,0,,
validator,org.apache.commons.validator.routines,FloatValidator,isInRange,3,1,3,110,0,,
validator,org.apache.commons.validator.routines,FloatValidator,isInRange,3,1,3,123,0,org.apache.commons.validator.routines.FloatValidator,org.apache.commons.validator.routines.FloatValidator
validator,org.apache.commons.validator.routines,FloatValidator,maxValue,3,1,2,136,0,,
validator,org.apache.commons.validator.routines,FloatValidator,maxValue,3,1,2,148,0,org.apache.commons.validator.routines.FloatValidator,org.apache.commons.validator.routines.FloatValidator
validator,org.apache.commons.validator.routines,FloatValidator,minValue,3,1,2,160,0,,
validator,org.apache.commons.validator.routines,FloatValidator,minValue,3,1,2,172,0,org.apache.commons.validator.routines.FloatValidator,org.apache.commons.validator.routines.FloatValidator
validator,org.apache.commons.validator.routines,FloatValidator,processParsedValue,21,7,2,184,0,,
validator,org.apache.commons.validator.routines,FloatValidator,validate,3,1,1,219,0,,
validator,org.apache.commons.validator.routines,FloatValidator,validate,3,1,2,231,0,,
validator,org.apache.commons.validator.routines,FloatValidator,validate,3,1,2,243,0,,
validator,org.apache.commons.validator.routines,FloatValidator,validate,3,1,3,255,0,,
validator,org.apache.commons.validator.routines,IBANValidator,getInstance,3,1,0,246,0,,
validator,org.apache.commons.validator.routines,IBANValidator,IBANValidator,3,1,0,257,0,,
validator,org.apache.commons.validator.routines,IBANValidator,IBANValidator,3,1,1,264,0,org.apache.commons.validator.routines.IBANValidator,org.apache.commons.validator.routines.IBANValidator
validator,org.apache.commons.validator.routines,IBANValidator,createValidators,10,3,1,273,0,,
validator,org.apache.commons.validator.routines,IBANValidator,getDefaultValidators,3,1,0,284,0,,
validator,org.apache.commons.validator.routines,IBANValidator,getValidator,7,2,1,293,0,,
validator,org.apache.commons.validator.routines,IBANValidator,hasValidator,3,1,1,308,0,org.apache.commons.validator.routines.IBANValidator,org.apache.commons.validator.routines.IBANValidator
validator,org.apache.commons.validator.routines,IBANValidator,isValid,7,2,1,318,0,org.apache.commons.validator.routines.IBANValidator,org.apache.commons.validator.routines.IBANValidator
validator,org.apache.commons.validator.routines,IBANValidator,setValidator,9,3,3,332,0,org.apache.commons.validator.routines.IBANValidator,org.apache.commons.validator.routines.IBANValidator
validator,org.apache.commons.validator.routines,IBANValidator,setValidator,6,2,1,354,0,,
validator,org.apache.commons.validator.routines,InetAddressValidator,getInstance,3,1,0,68,0,,
validator,org.apache.commons.validator.routines,InetAddressValidator,isValid,3,1,1,79,0,org.apache.commons.validator.routines.InetAddressValidator,org.apache.commons.validator.routines.InetAddressValidator
validator,org.apache.commons.validator.routines,InetAddressValidator,isValidInet4Address,25,6,1,88,0,,
validator,org.apache.commons.validator.routines,InetAddressValidator,isValidInet6Address,84,21,1,120,0,org.apache.commons.validator.routines.InetAddressValidator,org.apache.commons.validator.routines.InetAddressValidator
validator,org.apache.commons.validator.routines,IntegerValidator,getInstance,3,1,0,70,0,,
validator,org.apache.commons.validator.routines,IntegerValidator,IntegerValidator,3,1,0,78,0,,
validator,org.apache.commons.validator.routines,IntegerValidator,IntegerValidator,3,1,2,85,0,,
validator,org.apache.commons.validator.routines,IntegerValidator,isInRange,3,1,3,110,0,,
validator,org.apache.commons.validator.routines,IntegerValidator,isInRange,3,1,3,123,0,org.apache.commons.validator.routines.IntegerValidator,org.apache.commons.validator.routines.IntegerValidator
validator,org.apache.commons.validator.routines,IntegerValidator,maxValue,3,1,2,136,0,,
validator,org.apache.commons.validator.routines,IntegerValidator,maxValue,3,1,2,148,0,org.apache.commons.validator.routines.IntegerValidator,org.apache.commons.validator.routines.IntegerValidator
validator,org.apache.commons.validator.routines,IntegerValidator,minValue,3,1,2,160,0,,
validator,org.apache.commons.validator.routines,IntegerValidator,minValue,3,1,2,172,0,org.apache.commons.validator.routines.IntegerValidator,org.apache.commons.validator.routines.IntegerValidator
validator,org.apache.commons.validator.routines,IntegerValidator,processParsedValue,9,3,2,184,0,,
validator,org.apache.commons.validator.routines,IntegerValidator,validate,3,1,1,207,0,,
validator,org.apache.commons.validator.routines,IntegerValidator,validate,3,1,2,219,0,,
validator,org.apache.commons.validator.routines,IntegerValidator,validate,3,1,2,231,0,,
validator,org.apache.commons.validator.routines,IntegerValidator,validate,3,1,3,243,0,,
validator,org.apache.commons.validator.routines,ISBNValidator,getInstance,3,1,0,99,0,,
validator,org.apache.commons.validator.routines,ISBNValidator,getInstance,3,1,1,109,0,,
validator,org.apache.commons.validator.routines,ISBNValidator,ISBNValidator,3,1,0,130,0,,
validator,org.apache.commons.validator.routines,ISBNValidator,ISBNValidator,3,1,1,138,0,,
validator,org.apache.commons.validator.routines,ISBNValidator,convertToISBN13,18,3,1,150,0,,
validator,org.apache.commons.validator.routines,ISBNValidator,isValid,3,1,1,183,0,org.apache.commons.validator.routines.ISBNValidator,org.apache.commons.validator.routines.ISBNValidator
validator,org.apache.commons.validator.routines,ISBNValidator,isValidISBN10,3,1,1,194,0,,
validator,org.apache.commons.validator.routines,ISBNValidator,isValidISBN13,3,1,1,205,0,,
validator,org.apache.commons.validator.routines,ISBNValidator,validate,10,3,1,216,0,org.apache.commons.validator.routines.ISBNValidator,org.apache.commons.validator.routines.ISBNValidator
validator,org.apache.commons.validator.routines,ISBNValidator,validateISBN10,4,1,1,239,0,,
validator,org.apache.commons.validator.routines,ISBNValidator,validateISBN13,4,1,1,254,0,,
validator,org.apache.commons.validator.routines,ISINValidator,getInstance,3,1,1,431,0,,
validator,org.apache.commons.validator.routines,ISINValidator,ISINValidator,3,1,1,443,0,,
validator,org.apache.commons.validator.routines,ISINValidator,checkCode,3,1,1,447,0,,
validator,org.apache.commons.validator.routines,ISINValidator,isValid,7,2,1,454,0,org.apache.commons.validator.routines.ISINValidator,org.apache.commons.validator.routines.ISINValidator
validator,org.apache.commons.validator.routines,ISINValidator,validate,7,2,1,470,0,org.apache.commons.validator.routines.ISINValidator,org.apache.commons.validator.routines.ISINValidator
validator,org.apache.commons.validator.routines,ISSNValidator,getInstance,3,1,0,85,0,,
validator,org.apache.commons.validator.routines,ISSNValidator,convertToEAN13,19,3,2,94,0,org.apache.commons.validator.routines.ISSNValidator,org.apache.commons.validator.routines.ISSNValidator
validator,org.apache.commons.validator.routines,ISSNValidator,extractFromEAN13,22,4,1,128,0,org.apache.commons.validator.routines.ISSNValidator,org.apache.commons.validator.routines.ISSNValidator
validator,org.apache.commons.validator.routines,ISSNValidator,isValid,3,1,1,166,0,,
validator,org.apache.commons.validator.routines,ISSNValidator,validate,3,1,1,178,0,,
validator,org.apache.commons.validator.routines,ISSNValidator,validateEan,3,1,1,192,0,,
validator,org.apache.commons.validator.routines,LongValidator,getInstance,3,1,0,69,0,,
validator,org.apache.commons.validator.routines,LongValidator,LongValidator,3,1,0,77,0,,
validator,org.apache.commons.validator.routines,LongValidator,LongValidator,3,1,2,84,0,,
validator,org.apache.commons.validator.routines,LongValidator,isInRange,3,1,3,109,0,,
validator,org.apache.commons.validator.routines,LongValidator,isInRange,3,1,3,122,0,org.apache.commons.validator.routines.LongValidator,org.apache.commons.validator.routines.LongValidator
validator,org.apache.commons.validator.routines,LongValidator,maxValue,3,1,2,135,0,,
validator,org.apache.commons.validator.routines,LongValidator,maxValue,3,1,2,147,0,org.apache.commons.validator.routines.LongValidator,org.apache.commons.validator.routines.LongValidator
validator,org.apache.commons.validator.routines,LongValidator,minValue,3,1,2,159,0,,
validator,org.apache.commons.validator.routines,LongValidator,minValue,3,1,2,171,0,org.apache.commons.validator.routines.LongValidator,org.apache.commons.validator.routines.LongValidator
validator,org.apache.commons.validator.routines,LongValidator,processParsedValue,6,2,2,183,0,,
validator,org.apache.commons.validator.routines,LongValidator,validate,3,1,1,202,0,,
validator,org.apache.commons.validator.routines,LongValidator,validate,3,1,2,214,0,,
validator,org.apache.commons.validator.routines,LongValidator,validate,3,1,2,226,0,,
validator,org.apache.commons.validator.routines,LongValidator,validate,3,1,3,238,0,,
validator,org.apache.commons.validator.routines,PercentValidator,getInstance,3,1,0,58,0,,
validator,org.apache.commons.validator.routines,PercentValidator,PercentValidator,3,1,0,66,0,,
validator,org.apache.commons.validator.routines,PercentValidator,PercentValidator,3,1,1,73,0,,
validator,org.apache.commons.validator.routines,PercentValidator,parse,22,6,2,83,0,,
validator,org.apache.commons.validator.routines,RegexValidator,RegexValidator,3,1,1,76,0,,
validator,org.apache.commons.validator.routines,RegexValidator,RegexValidator,3,1,1,87,0,,
validator,org.apache.commons.validator.routines,RegexValidator,RegexValidator,3,1,1,98,0,,
validator,org.apache.commons.validator.routines,RegexValidator,RegexValidator,3,1,2,109,0,,
validator,org.apache.commons.validator.routines,RegexValidator,RegexValidator,14,4,2,122,0,,
validator,org.apache.commons.validator.routines,RegexValidator,getPatterns,3,1,0,146,0,,
validator,org.apache.commons.validator.routines,RegexValidator,isValid,11,4,1,156,0,,
validator,org.apache.commons.validator.routines,RegexValidator,match,17,5,1,175,0,,
validator,org.apache.commons.validator.routines,RegexValidator,toString,12,3,0,201,0,,
validator,org.apache.commons.validator.routines,RegexValidator,validate,23,7,1,219,0,,
validator,org.apache.commons.validator.routines,ShortValidator,getInstance,3,1,0,70,0,,
validator,org.apache.commons.validator.routines,ShortValidator,ShortValidator,3,1,0,78,0,,
validator,org.apache.commons.validator.routines,ShortValidator,ShortValidator,3,1,2,85,0,,
validator,org.apache.commons.validator.routines,ShortValidator,isInRange,3,1,3,110,0,,
validator,org.apache.commons.validator.routines,ShortValidator,isInRange,3,1,3,123,0,org.apache.commons.validator.routines.ShortValidator,org.apache.commons.validator.routines.ShortValidator
validator,org.apache.commons.validator.routines,ShortValidator,maxValue,3,1,2,136,0,,
validator,org.apache.commons.validator.routines,ShortValidator,maxValue,3,1,2,148,0,org.apache.commons.validator.routines.ShortValidator,org.apache.commons.validator.routines.ShortValidator
validator,org.apache.commons.validator.routines,ShortValidator,minValue,3,1,2,160,0,,
validator,org.apache.commons.validator.routines,ShortValidator,minValue,3,1,2,172,0,org.apache.commons.validator.routines.ShortValidator,org.apache.commons.validator.routines.ShortValidator
validator,org.apache.commons.validator.routines,ShortValidator,processParsedValue,7,2,2,184,0,,
validator,org.apache.commons.validator.routines,ShortValidator,validate,3,1,1,205,0,,
validator,org.apache.commons.validator.routines,ShortValidator,validate,3,1,2,217,0,,
validator,org.apache.commons.validator.routines,ShortValidator,validate,3,1,2,229,0,,
validator,org.apache.commons.validator.routines,ShortValidator,validate,3,1,3,241,0,,
validator,org.apache.commons.validator.routines,TimeValidator,getInstance,3,1,0,90,0,,
validator,org.apache.commons.validator.routines,TimeValidator,TimeValidator,3,1,0,98,0,,
validator,org.apache.commons.validator.routines,TimeValidator,TimeValidator,3,1,2,106,0,,
validator,org.apache.commons.validator.routines,TimeValidator,compareHours,3,1,2,118,0,org.apache.commons.validator.routines.TimeValidator,org.apache.commons.validator.routines.TimeValidator
validator,org.apache.commons.validator.routines,TimeValidator,compareMinutes,3,1,2,131,0,org.apache.commons.validator.routines.TimeValidator,org.apache.commons.validator.routines.TimeValidator
validator,org.apache.commons.validator.routines,TimeValidator,compareSeconds,3,1,2,144,0,org.apache.commons.validator.routines.TimeValidator,org.apache.commons.validator.routines.TimeValidator
validator,org.apache.commons.validator.routines,TimeValidator,compareTime,3,1,2,157,0,org.apache.commons.validator.routines.TimeValidator,org.apache.commons.validator.routines.TimeValidator
validator,org.apache.commons.validator.routines,TimeValidator,processParsedValue,3,1,2,170,0,,
validator,org.apache.commons.validator.routines,TimeValidator,validate,3,1,1,182,0,,
validator,org.apache.commons.validator.routines,TimeValidator,validate,3,1,2,194,0,,
validator,org.apache.commons.validator.routines,TimeValidator,validate,3,1,3,206,0,,
validator,org.apache.commons.validator.routines,TimeValidator,validate,3,1,2,219,0,,
validator,org.apache.commons.validator.routines,TimeValidator,validate,3,1,3,231,0,,
validator,org.apache.commons.validator.routines,TimeValidator,validate,3,1,4,245,0,,
validator,org.apache.commons.validator.routines,TimeValidator,validate,3,1,3,260,0,,
validator,org.apache.commons.validator.routines,TimeValidator,validate,3,1,2,273,0,,
validator,org.apache.commons.validator.routines,UrlValidator,getInstance,3,1,0,164,0,,
validator,org.apache.commons.validator.routines,UrlValidator,isOn,3,1,2,172,0,,
validator,org.apache.commons.validator.routines,UrlValidator,UrlValidator,3,1,0,203,0,,
validator,org.apache.commons.validator.routines,UrlValidator,UrlValidator,3,1,1,210,0,,
validator,org.apache.commons.validator.routines,UrlValidator,UrlValidator,3,1,2,220,0,,
validator,org.apache.commons.validator.routines,UrlValidator,UrlValidator,3,1,1,233,0,,
validator,org.apache.commons.validator.routines,UrlValidator,UrlValidator,3,1,2,245,0,,
validator,org.apache.commons.validator.routines,UrlValidator,UrlValidator,3,1,3,256,0,org.apache.commons.validator.routines.UrlValidator,org.apache.commons.validator.routines.UrlValidator
validator,org.apache.commons.validator.routines,UrlValidator,UrlValidator,23,6,4,269,0,org.apache.commons.validator.routines.UrlValidator,org.apache.commons.validator.routines.UrlValidator
validator,org.apache.commons.validator.routines,UrlValidator,countToken,12,3,2,305,0,,
validator,org.apache.commons.validator.routines,UrlValidator,isOff,3,1,1,324,0,,
validator,org.apache.commons.validator.routines,UrlValidator,isOn,3,1,1,336,0,,
validator,org.apache.commons.validator.routines,UrlValidator,isValid,36,9,1,348,0,org.apache.commons.validator.routines.UrlValidator,org.apache.commons.validator.routines.UrlValidator
validator,org.apache.commons.validator.routines,UrlValidator,isValidAuthority,46,11,1,403,0,,
validator,org.apache.commons.validator.routines,UrlValidator,isValidFragment,6,2,1,470,0,org.apache.commons.validator.routines.UrlValidator,org.apache.commons.validator.routines.UrlValidator
validator,org.apache.commons.validator.routines,UrlValidator,isValidPath,23,5,1,483,0,org.apache.commons.validator.routines.UrlValidator,org.apache.commons.validator.routines.UrlValidator
validator,org.apache.commons.validator.routines,UrlValidator,isValidQuery,6,2,1,517,0,,
validator,org.apache.commons.validator.routines,UrlValidator,isValidScheme,12,4,1,529,0,org.apache.commons.validator.routines.UrlValidator,org.apache.commons.validator.routines.UrlValidator
validator,org.apache.commons.validator.routines.checkdigit,ABANumberCheckDigit,ABANumberCheckDigit,2,1,0,56,0,,
validator,org.apache.commons.validator.routines.checkdigit,ABANumberCheckDigit,weightedValue,4,1,3,62,0,,
validator,org.apache.commons.validator.routines.checkdigit,CASNumberCheckDigit,getInstance,3,1,0,57,0,,
validator,org.apache.commons.validator.routines.checkdigit,CASNumberCheckDigit,CASNumberCheckDigit,2,1,0,82,0,,
validator,org.apache.commons.validator.routines.checkdigit,CASNumberCheckDigit,weightedValue,4,1,3,88,0,,
validator,org.apache.commons.validator.routines.checkdigit,CASNumberCheckDigit,calculate,7,2,1,109,0,,
validator,org.apache.commons.validator.routines.checkdigit,CASNumberCheckDigit,isValid,16,3,1,121,0,,
validator,org.apache.commons.validator.routines.checkdigit,CheckDigit,calculate,0,1,1,53,0,,
validator,org.apache.commons.validator.routines.checkdigit,CheckDigit,isValid,0,1,1,63,0,,
validator,org.apache.commons.validator.routines.checkdigit,CheckDigitException,CheckDigitException,2,1,0,28,0,,
validator,org.apache.commons.validator.routines.checkdigit,CheckDigitException,CheckDigitException,3,1,1,34,0,,
validator,org.apache.commons.validator.routines.checkdigit,CheckDigitException,CheckDigitException,3,1,2,43,0,,
validator,org.apache.commons.validator.routines.checkdigit,CUSIPCheckDigit,CUSIPCheckDigit,2,1,0,51,0,,
validator,org.apache.commons.validator.routines.checkdigit,CUSIPCheckDigit,toInt,8,2,3,57,0,,
validator,org.apache.commons.validator.routines.checkdigit,CUSIPCheckDigit,weightedValue,5,1,3,79,0,,
validator,org.apache.commons.validator.routines.checkdigit,EAN13CheckDigit,EAN13CheckDigit,2,1,0,52,0,,
validator,org.apache.commons.validator.routines.checkdigit,EAN13CheckDigit,weightedValue,3,1,3,58,0,,
validator,org.apache.commons.validator.routines.checkdigit,ECNumberCheckDigit,getInstance,3,1,0,50,0,,
validator,org.apache.commons.validator.routines.checkdigit,ECNumberCheckDigit,ECNumberCheckDigit,3,1,0,69,0,,
validator,org.apache.commons.validator.routines.checkdigit,ECNumberCheckDigit,weightedValue,3,1,3,76,0,,
validator,org.apache.commons.validator.routines.checkdigit,ECNumberCheckDigit,calculate,7,2,1,92,0,,
validator,org.apache.commons.validator.routines.checkdigit,ECNumberCheckDigit,isValid,16,3,1,104,0,,
validator,org.apache.commons.validator.routines.checkdigit,IBANCheckDigit,IBANCheckDigit,2,1,0,57,0,,
validator,org.apache.commons.validator.routines.checkdigit,IBANCheckDigit,calculate,10,2,1,63,0,org.apache.commons.validator.routines.checkdigit.IBANCheckDigit,org.apache.commons.validator.routines.checkdigit.IBANCheckDigit
validator,org.apache.commons.validator.routines.checkdigit,IBANCheckDigit,calculateModulus,15,4,1,86,0,,
validator,org.apache.commons.validator.routines.checkdigit,IBANCheckDigit,isValid,15,3,1,110,0,org.apache.commons.validator.routines.checkdigit.IBANCheckDigit,org.apache.commons.validator.routines.checkdigit.IBANCheckDigit
validator,org.apache.commons.validator.routines.checkdigit,ISBN10CheckDigit,ISBN10CheckDigit,3,1,0,51,0,,
validator,org.apache.commons.validator.routines.checkdigit,ISBN10CheckDigit,toCheckDigit,6,2,1,58,0,,
validator,org.apache.commons.validator.routines.checkdigit,ISBN10CheckDigit,toInt,6,2,3,76,0,,
validator,org.apache.commons.validator.routines.checkdigit,ISBN10CheckDigit,weightedValue,3,1,3,97,0,,
validator,org.apache.commons.validator.routines.checkdigit,ISBNCheckDigit,calculate,12,4,1,51,0,,
validator,org.apache.commons.validator.routines.checkdigit,ISBNCheckDigit,isValid,12,4,1,81,0,,
validator,org.apache.commons.validator.routines.checkdigit,ISINCheckDigit,ISINCheckDigit,2,1,0,53,0,,
validator,org.apache.commons.validator.routines.checkdigit,ISINCheckDigit,calculateModulus,17,5,2,59,0,,
validator,org.apache.commons.validator.routines.checkdigit,ISINCheckDigit,weightedValue,5,1,3,89,0,,
validator,org.apache.commons.validator.routines.checkdigit,ISSNCheckDigit,ISSNCheckDigit,3,1,0,56,0,,
validator,org.apache.commons.validator.routines.checkdigit,ISSNCheckDigit,toCheckDigit,6,2,1,63,0,,
validator,org.apache.commons.validator.routines.checkdigit,ISSNCheckDigit,toInt,6,2,3,71,0,,
validator,org.apache.commons.validator.routines.checkdigit,ISSNCheckDigit,weightedValue,3,1,3,80,0,,
validator,org.apache.commons.validator.routines.checkdigit,LuhnCheckDigit,LuhnCheckDigit,2,1,0,49,0,,
validator,org.apache.commons.validator.routines.checkdigit,LuhnCheckDigit,weightedValue,5,1,3,55,0,,
validator,org.apache.commons.validator.routines.checkdigit,ModulusCheckDigit,sumDigits,9,2,1,41,0,,
validator,org.apache.commons.validator.routines.checkdigit,ModulusCheckDigit,ModulusCheckDigit,3,1,0,62,0,,
validator,org.apache.commons.validator.routines.checkdigit,ModulusCheckDigit,ModulusCheckDigit,3,1,1,69,0,,
validator,org.apache.commons.validator.routines.checkdigit,ModulusCheckDigit,calculate,8,2,1,78,0,org.apache.commons.validator.routines.checkdigit.ModulusCheckDigit,org.apache.commons.validator.routines.checkdigit.ModulusCheckDigit
validator,org.apache.commons.validator.routines.checkdigit,ModulusCheckDigit,calculateModulus,14,3,2,96,0,org.apache.commons.validator.routines.checkdigit.ModulusCheckDigit,org.apache.commons.validator.routines.checkdigit.ModulusCheckDigit
validator,org.apache.commons.validator.routines.checkdigit,ModulusCheckDigit,getModulus,3,1,0,120,0,,
validator,org.apache.commons.validator.routines.checkdigit,ModulusCheckDigit,isValid,12,2,1,129,0,org.apache.commons.validator.routines.checkdigit.ModulusCheckDigit,org.apache.commons.validator.routines.checkdigit.ModulusCheckDigit
validator,org.apache.commons.validator.routines.checkdigit,ModulusCheckDigit,toCheckDigit,6,2,1,149,0,,
validator,org.apache.commons.validator.routines.checkdigit,ModulusCheckDigit,toInt,6,2,3,168,0,,
validator,org.apache.commons.validator.routines.checkdigit,ModulusCheckDigit,weightedValue,0,1,3,188,0,,
validator,org.apache.commons.validator.routines.checkdigit,ModulusTenCheckDigit,ModulusTenCheckDigit,3,1,1,133,0,,
validator,org.apache.commons.validator.routines.checkdigit,ModulusTenCheckDigit,ModulusTenCheckDigit,3,1,2,144,0,,
validator,org.apache.commons.validator.routines.checkdigit,ModulusTenCheckDigit,ModulusTenCheckDigit,5,1,3,157,0,,
validator,org.apache.commons.validator.routines.checkdigit,ModulusTenCheckDigit,isValid,9,3,1,175,0,,
validator,org.apache.commons.validator.routines.checkdigit,ModulusTenCheckDigit,toInt,7,2,3,195,0,,
validator,org.apache.commons.validator.routines.checkdigit,ModulusTenCheckDigit,toString,3,1,0,219,0,,
validator,org.apache.commons.validator.routines.checkdigit,ModulusTenCheckDigit,weightedValue,9,2,3,230,0,,
validator,org.apache.commons.validator.routines.checkdigit,SedolCheckDigit,SedolCheckDigit,2,1,0,53,0,,
validator,org.apache.commons.validator.routines.checkdigit,SedolCheckDigit,calculateModulus,6,2,2,59,0,,
validator,org.apache.commons.validator.routines.checkdigit,SedolCheckDigit,toInt,8,2,3,76,0,,
validator,org.apache.commons.validator.routines.checkdigit,SedolCheckDigit,weightedValue,3,1,3,96,0,,
validator,org.apache.commons.validator.routines.checkdigit,VerhoeffCheckDigit,calculate,7,2,1,69,0,org.apache.commons.validator.routines.checkdigit.VerhoeffCheckDigit,org.apache.commons.validator.routines.checkdigit.VerhoeffCheckDigit
validator,org.apache.commons.validator.routines.checkdigit,VerhoeffCheckDigit,calculateChecksum,13,3,2,86,0,,
validator,org.apache.commons.validator.routines.checkdigit,VerhoeffCheckDigit,isValid,11,2,1,109,0,org.apache.commons.validator.routines.checkdigit.VerhoeffCheckDigit,org.apache.commons.validator.routines.checkdigit.VerhoeffCheckDigit
validator,org.apache.commons.validator.util,Flags,Flags,2,1,0,48,0,,
validator,org.apache.commons.validator.util,Flags,Flags,3,1,1,54,0,,
validator,org.apache.commons.validator.util,Flags,clear,3,1,0,63,0,,
validator,org.apache.commons.validator.util,Flags,clone,8,1,0,71,0,,
validator,org.apache.commons.validator.util,Flags,equals,10,3,1,86,0,,
validator,org.apache.commons.validator.util,Flags,getFlags,3,1,0,105,0,,
validator,org.apache.commons.validator.util,Flags,hashCode,3,1,0,114,0,,
validator,org.apache.commons.validator.util,Flags,isOff,3,1,1,125,0,,
validator,org.apache.commons.validator.util,Flags,isOn,3,1,1,137,0,,
validator,org.apache.commons.validator.util,Flags,toString,7,2,0,149,0,,
validator,org.apache.commons.validator.util,Flags,turnOff,3,1,1,165,0,,
validator,org.apache.commons.validator.util,Flags,turnOffAll,3,1,0,175,0,,
validator,org.apache.commons.validator.util,Flags,turnOn,3,1,1,182,0,,
validator,org.apache.commons.validator.util,Flags,turnOnAll,3,1,0,192,0,,
validator,org.apache.commons.validator.util,ValidatorUtils,copyFastHashMap,23,5,1,44,0,,
validator,org.apache.commons.validator.util,ValidatorUtils,copyMap,19,4,1,79,0,,
validator,org.apache.commons.validator.util,ValidatorUtils,getValueAsString,19,4,2,104,0,,
validator,org.apache.commons.validator.util,ValidatorUtils,replace,6,2,3,143,0,,
